course_key;xblock_id;videofront_key;uuid
course/ubordeaux/28007;8f148f9908da45cfa32a8a9953fc43dc;videos/8oL1ZbohFe0B/HD.mp4;466b62fc-5c96-4265-988e-560f93b40aee
course/ubordeaux/28007;3371e3b6e9e14a3b9fb56218aa938993;videos/RPkbM2TSwmji/HD.mp4;2a860655-341f-4453-b7dc-5283a6deffdc
course/ubordeaux/28007;7f4363aa04f84eef9b3dfb83d2d99e92;videos/r9SXk4oxFt2Y/HD.mp4;23e5098a-c2a9-4ce3-af39-f72aabccff2d
course/ubordeaux/28007;dd4c98fd78c34503ba7f35dea259e90c;videos/Mnnxg78qh3FI/HD.mp4;d514df0b-6bfe-4ba7-8058-dc789e4ea845
course/ubordeaux/28007;f43e8e009c9543bbaa35e81aa7507b4c;videos/9CPQ5nwGE5bt/HD.mp4;a255e431-67ce-499b-ab73-70e147080fac
course/ubordeaux/28007;c22324f28d7449b498c5999fe84961a5;videos/9lVOgVZOLs0V/HD.mp4;e2b69705-1b5d-4853-96e2-f4aa961cb7a8
course/ubordeaux/28007;0d4d55a8911c413396e56dcc9f63dd3a;videos/snsIt0s2Z1Xu/HD.mp4;154b3dbf-db6c-429e-8581-940a4cfb43ea
course/ubordeaux/28007;cf893b6e4c2b45569c96f584f3082dbb;videos/I7gpGxIrbY0j/HD.mp4;c8b3d420-d454-4dda-8afc-7a676c3696a5
course/ubordeaux/28007;3763a532f5ee4fec919ab89327e3ea23;videos/skxW2MWkQwEO/HD.mp4;bc000be8-fa25-496a-ad07-8c4fda74a3ac
course/ubordeaux/28007;7fea82ae495c4ea584addee8364c01c5;videos/lBmBSH8a2KDv/HD.mp4;3e2296ba-cc9d-4c12-b8f3-81a90f64f467
course/ubordeaux/28007;663d73c04a694032ba2b935bec69e88e;videos/2peOCZv12pQb/HD.mp4;acd69973-1a56-4882-b0f3-e16e777c685e
course/ubordeaux/28007;4d7b31f2c8de43b1a97d5945b820ec92;videos/37H05Gv1PtKD/HD.mp4;35b6f0e0-8f1e-4de3-8e31-7fdb0ebc5e1d
course/ubordeaux/28007;d5427f68cea44928915af496bb48de71;videos/x0bK9iPqFvvN/HD.mp4;95b27980-b3d4-4dbd-bf22-6fd8a0cc042a
course/ubordeaux/28007;beb101d7768e433e9028dbed5119c572;videos/CncNfkx68REl/HD.mp4;e6d8e8a8-a23c-43db-a460-14fa150b85dd
course/ubordeaux/28007;35208116c29a424caada70c2eed0d584;videos/Otp5avdECwmX/HD.mp4;838b7d36-4e1f-4129-84c1-8ea4dd070e3c
course/ubordeaux/28007;a97580de179d49bfa9c56dd5af1c686a;videos/S8MvTW45Uxsv/HD.mp4;588e8364-cfe9-475c-b3f5-4ec6bf202698
course/ubordeaux/28007;4057266eec78491bb83ea3fe585821e6;videos/w7H4gbZBLn7R/HD.mp4;f85a6e64-93a2-4088-ade4-6a0bb52de925
course/ubordeaux/28007;78aecc0074d14ee1814562468b4f2b19;videos/R6L6Xfy3AIEJ/HD.mp4;7b6ed046-fff1-465d-952f-083f526351fa
course/ubordeaux/28007;2fb4d16c68824fe8bef32b594e7f1830;videos/pfpkgSJeWMIw/HD.mp4;fb434fa3-e9d8-454d-83b4-1d540ff143db
course/ubordeaux/28007;e6bfa16143c84cca9a2b249896cbebce;videos/jPMrleATYMgt/HD.mp4;67ad977c-3188-4a88-ae61-e4f6a7c1aea9
course/ubordeaux/28007;424850ee7b1f4d8c8029c2308faaef1a;videos/jx0xeYf4rZCV/HD.mp4;9069b9bc-4428-44fb-8078-05b4b6c59b0e
course/ubordeaux/28007;812899670d8b4f9c8237cac47fb5b9f0;videos/3yVuDG9PwQ3n/HD.mp4;d1f3328c-7a7d-4e77-bc4e-7f5ab9aa1d86
course/ubordeaux/28007;d8766ad85e3641a89c965d4c6656b6fd;videos/ftp0HpB0mPrv/HD.mp4;5c5602e5-4bb5-4d23-86af-3a0ddfd6dd95
course/ubordeaux/28007;3e189f95904c4b2c91f68936f0d820ab;videos/Fdc6Doy55h8l/HD.mp4;e0c87660-52a7-43b1-9264-68b5f16fd587
course/ubordeaux/28007;2ec1c14e64224ec9a07c807d356aa5a5;videos/O35DjE0ay8ej/HD.mp4;abf51133-7cd0-4887-9ec3-5de5f403c88a
course/ubordeaux/28007;6fabb978e1bb403fb8b52ebe12512f87;videos/PbjZeaHpneys/HD.mp4;9f2d83ad-fa99-4f72-9dd7-49b5643f1e41
course/ubordeaux/28007;e7b750aa70cd4437bd7def855466beac;videos/0KNBY9JGRuyq/HD.mp4;6e290ba7-e625-43b9-ae09-90f6c8ded275
course/ubordeaux/28007;5dba372ce3a4444281fc4788997ddd4a;videos/fNZC8xhtzoKb/HD.mp4;0307b36a-0cd1-44c1-ba6f-2645a2909d1e
course/ubordeaux/28007;0a88adf74d524b9a8d284bba62385d65;videos/aBipedha5klh/HD.mp4;b86144e2-0875-4410-8759-5f36f05f7f94
course/ubordeaux/28007;dc1797894aec414a99125cff288f1b47;videos/embXIT1cZjFL/HD.mp4;3f0eb6ae-e32c-4922-8156-f0c8c4e4cc65
course/ubordeaux/28007;5904234aafae485e89b96532ed584af9;videos/Y6WY4q6YbwQ4/HD.mp4;669fc831-ff05-476c-8768-1b0c1e061d2a
course/ubordeaux/28007;008a21e8effb499188c6f6469b5508a6;videos/FBXHApGVPcKi/HD.mp4;1a38de3e-1cc8-4440-aef9-463c108b0807
course/ubordeaux/28007;51bc06ff849a46048e5801322c00d139;videos/EO66Gf9ZuKPL/HD.mp4;671b256e-857f-48bb-899d-406637bbdea9
course/ubordeaux/28007;15a4a8654aab42f6ae2809082e01960d;videos/5aCmwmMOS67I/HD.mp4;4fc4eda1-0382-42c9-a7a8-da0145b7f4ea
course/ubordeaux/28007;55ef5cf5e8d04d6aab8536c87ac5c166;videos/YzBs6Q2S5PEU/HD.mp4;a8830b8f-d46d-4149-ba12-7a0d546820a4
course/ubordeaux/28007;dccf737add204a9493776bb98675d84c;videos/iB5Jg48paDFu/HD.mp4;b632dcde-30f2-4982-b163-025fb54616e5
course/ubordeaux/28007;34a59d6b0bbf42c492e7d88cd8298f56;videos/XmGalCkK3FSy/HD.mp4;6072d099-568c-4a30-bc51-c30f64439b53
course/ubordeaux/28007;047993d6860543c3b8c600c7f0230aab;videos/1RMukSAJRiEJ/HD.mp4;9c32f0ba-1955-463e-a186-4ab458b4a1e3
course/ubordeaux/28007;c4ee781900c24cbfaa9cef7f787d593e;videos/UxDf1VJjj5Es/HD.mp4;334d27c1-3b2d-4b44-9973-61ae97c823d3
course/ubordeaux/28007;32d7eb566a3f41d780e9726b617e367a;videos/Aqzp7dekFzei/HD.mp4;654d5b17-791f-469f-9bc0-c5962c7827a9
course/ubordeaux/28007;e7238bff712c47b88974d396a56aad98;videos/QxrxGQWDtPmj/HD.mp4;d25cbd67-8129-43b0-8748-967550830aa1
course/ubordeaux/28007;420e013217dd44f88dc0201a6963675b;videos/rGGWXDprsKZb/HD.mp4;62d278f4-c9a6-4579-a8df-d071b0ccaa3b
course/ubordeaux/28007;fc5cb06cf82b433ba8459f4b7c7e95ea;videos/Il8WJPkvGqpc/HD.mp4;4762ec8a-35b3-4aac-90e0-a63a6eb9e730
course/ubordeaux/28007;7e7b30611c6a46e180ed2b4dad211499;videos/hOOD2HXaSBSg/HD.mp4;b19f4895-2eb0-4342-b7f6-04bade439e31
course/ubordeaux/28007;89ad4ff1b9f140bca33fef4702b92067;videos/F8VZPHkxhQCh/HD.mp4;49ae2a19-50e9-421d-839d-f9eae89befc0
course/ubordeaux/28007;dc0a94bf8eb8439ab523f8078d711aa0;videos/kL8yIJaxdDKZ/HD.mp4;b86f4218-344f-4734-9060-d83e4378069c
course/ubordeaux/28007;a51fecec0b6843259ba669c548145f40;videos/5nb1ODAzR2YZ/HD.mp4;9f5982c0-f4cb-47e6-bb42-22b40395b519
course/ubordeaux/28007;ff765eee50204cc5ab144f9f67a20ff5;videos/n4OeB8sGZRXv/HD.mp4;4c94e243-eafb-46c3-8efd-e02d68727eda
course/ubordeaux/28007;e65329980ec64b82adb3de6ffdff8d54;videos/x4Upbi8gvBjs/HD.mp4;f72ca701-10b6-48c9-a1d4-165b960e836f
course/ubordeaux/28007;f9f9621a1fd74e418fedf95fec403e48;videos/WfBZZPytqHBU/HD.mp4;98bec4e1-3bc1-41ce-8eee-ee3bc3b34a22
course/ubordeaux/28007;d29c89aeb0c3498cbf8dbf8fe98d8148;videos/UbibSxPql1Rr/HD.mp4;1cc2d26d-b22c-4750-bd80-5d4c56f7c148
course/ubordeaux/28007;b463fc2d39c7422c92d3c8ed7f7afb0b;videos/Hz4cs2b0n2Xy/HD.mp4;e95feb95-61c6-482b-b2c3-cad30c14db13
course/ubordeaux/28007;88fb3b129b3244edb3682b5cebb7ec84;videos/0qxxEkTQZgvZ/HD.mp4;3ab3e69f-a60c-47da-a9d4-a11c78a6ebbd
course/ubordeaux/28007;e8d31170da2a4840bbbbd1632a82ef09;videos/TaEa4YCrZSYp/HD.mp4;af9f4a61-1583-49ea-95ae-4936495136cb
course/ubordeaux/28007;6208c66e59bc48d0af0af132dcc76941;videos/rdwWiqcptBzo/HD.mp4;ee62e210-8a2c-4cff-a405-863339258f16
course/ubordeaux/28007;2264823cee3840668b9dae36603b4a0a;videos/Zm2rAAiHrrY2/HD.mp4;7f365b76-b7bc-4bcf-9a7e-990768d8e7bd
course/ubordeaux/28007;cf2d81513da14f60a726bfadf1520ff1;videos/dNHRuAeidO7I/HD.mp4;45aaa2da-0f17-4b92-b54d-504949fbc63e
course/ubordeaux/28007;189eb8629ad440edbf0c63a940f1a858;videos/JVSqnkwf8nOO/HD.mp4;53345549-4638-49bd-ac77-9fd1667bac48
course/ubordeaux/28007;35246f9aeaac41628e53ef65a751bbc2;videos/lg3bKfua4Swl/HD.mp4;609ff001-1529-4d9f-8d5a-1b44bad0563f
course/ubordeaux/28007;d194620e804047ecbbe85a0e1916ad07;videos/FyHEDuvNfKg5/HD.mp4;ce80339b-fac9-4227-8838-8207b9c42253
course/ubordeaux/28007;4ca3f2cc9d5744e78348327900a21490;videos/Njavvu6GImA6/HD.mp4;57d4ffe5-9c4c-43ec-a068-6076e341b56b
course/ubordeaux/28007;2c4cc97621774c059e6e7db5a15e9348;videos/jpZ0knpiBe9F/HD.mp4;d104fd11-0176-4303-ac29-3aec7878a805
course/ubordeaux/28007;f5dc9c7265be43edb3775a9c28a02253;videos/WwXGEPU0Xe4a/HD.mp4;acdaa478-b11c-44f8-9487-d82cc252f115
course/ubordeaux/28007;b04749e100f940c5b4cb92eccbda4ec1;videos/0H0uTpHFqMxi/HD.mp4;7c47a813-a57d-40b0-9ceb-d33b01e6243d
course/ubordeaux/28007;9d5a589b08c64f44856b949eac8c8d31;videos/eO8le0JTMM5w/HD.mp4;e7a040e0-832c-4d11-965f-f0e0eceecab5
course/ubordeaux/28007;f4b351febef644789190a9192df0fb66;videos/sxYXnOmTsyHp/HD.mp4;c64dc457-499b-4f6e-a4f3-6212caa2744f
course/ubordeaux/28007;c620e45ee2924412a74310329f4c8c86;videos/OjVlnsG5OQwd/HD.mp4;2a96c573-8a18-409a-bf0a-c1fe120ed50d
course/ubordeaux/28007;b9a8965c25194ea299c1137bdca0ef41;videos/WgzOiXEnLbn4/HD.mp4;1d3782ec-3e36-41b7-bd51-ecac728969b0
course/ubordeaux/28007;2c449457b18d42058ca4c7a90383f841;videos/C6fZw7LNUWnF/HD.mp4;5c28b5ac-06d3-479b-9dd2-8989da820b6f
course/ubordeaux/28007;0a6c91f306614f23b1ddc5facb17c9f0;videos/By2DDeHPf709/HD.mp4;a11db1e4-8e3b-4600-afa0-baf9a9aae6dc
course/ubordeaux/28007;48e40497d30d49ddb96cf0222d3d62df;videos/okj3uN94FxXo/HD.mp4;fc8e46cd-6c3b-49e0-8ced-dda04aaa3bdd
course/ubordeaux/28007;e4593a3ed90243c584fc30aaa28227f1;videos/UBUCpB9Z5rJL/HD.mp4;3ba92209-db11-4e0c-bf42-f7fd477f591d
course/ubordeaux/28007;8d588251f1c94a618119e646af48d1bc;videos/RY10ep9k5ur5/HD.mp4;b0c1e239-83ac-414d-a576-523784be8298
course/ubordeaux/28007;a173c25bca0f468b83c43dcb2a4aa6ba;videos/xX6s6ByisoiJ/HD.mp4;3fe9bf83-8709-427f-88a8-04220d8ba07f
course/ubordeaux/28007;0904457500c14a9e95c6e612c6a3aa99;videos/8Zmk0gKqwMAu/HD.mp4;ac4f434c-631a-4ea0-8182-f1ef8eabcc7c
course/ubordeaux/28007;92031939acfc4ceab9cf6aa13ff0e03f;videos/QMjE48b2V3vB/HD.mp4;8dff4b71-796d-4754-9f2a-cf818edf22fc
course/ubordeaux/28007;76ace405bca241e9a0f90e1b42c0b0a5;videos/7Y4ww9YzWkiU/HD.mp4;6d86b684-757d-412d-a707-2abd1ca7cd3a
course/ubordeaux/28007;37e1f5bbc9294abf9f8f4626101c346f;videos/SuWpMEhWxtBw/HD.mp4;9c9acb8d-edb9-42b9-91e6-bc06eb6bc246
course/MinesTelecom/04012;2efca55b82a3478bb0b608a2e8790b03;videos/b9bnxKgxevnq/HD.mp4;d6254598-8161-4b71-babe-78d68a2f583f
course/MinesTelecom/04012;4e0ee58d44304e3193f4cf043ff5f15b;videos/ZKrWnBSNbwNJ/HD.mp4;a89e5dc8-409f-420f-b9b2-b9f08a89ec14
course/MinesTelecom/04012;5cb50139899841a5b6897136041f5f93;videos/BHm8xEPIC7GP/HD.mp4;e73a3ac1-b71e-4a0c-ae96-15400565d3ce
course/MinesTelecom/04012;28ad6f4807b04450a741b686a64da45b;videos/KUbS3IsNjZhU/HD.mp4;9b3856c1-e9b2-4a0a-af72-9bb0c8b83da1
course/MinesTelecom/04012;8508b8d31515444f8f838706dee42d6b;videos/043yQNZ99oMn/HD.mp4;b636e1b8-7c06-4dcb-a055-920aa39ac8de
course/MinesTelecom/04012;de0afcb6838747599ff3148c96220491;videos/POB6KjiZ2inc/HD.mp4;5aa7ab26-c624-44a2-99b7-5128278cbae0
course/MinesTelecom/04012;8a898ec7db7b4520b7a1a5bef31ca06d;videos/CGXUTkf62Uzf/HD.mp4;37df4e71-691d-46cc-a26b-b5fd331b8d5f
course/MinesTelecom/04012;bd008a881028442981725ff9cb15d88e;videos/iEY1X83uQfbA/HD.mp4;31cdddf2-0333-458d-87f2-36614fd37cdd
course/MinesTelecom/04012;4ac0209ab3b94ea3b438e4d81f50f93a;videos/JGJ292Wr2nWp/HD.mp4;048a1ed3-dc09-452c-8a4f-9679e56f046c
course/MinesTelecom/04012;a6fa3b8feee3480fae64c54d365d9baa;videos/9B71dXdCyv6w/HD.mp4;8c5a7465-7ed5-4790-8c36-a344e284b705
course/MinesTelecom/04012;d650fd78fff44525b5f247d2dfb6bba2;videos/sa5Dh4B43RSG/HD.mp4;f9dc2c68-f3ef-4213-ab51-a64541dcaa8f
course/MinesTelecom/04012;810271cecea5420c84adcb71055f959f;videos/x50zUzdJauJS/HD.mp4;ee713062-df66-45af-9883-c2408a33114c
course/MinesTelecom/04012;bc0bacfc61d84545b2cb36043831519b;videos/76mnLjdMGfpF/HD.mp4;e1533e8f-3ba4-4ab8-8ec6-3b98d8fb5db9
course/MinesTelecom/04012;77814578991345118646ec3b703902d7;videos/n5kOw2jYSBpG/HD.mp4;896fc760-f4ca-4a5d-b311-94922bf570b5
course/MinesTelecom/04012;246f823ce42843e38287d5a05c178cc4;videos/yV9bh3110L3h/HD.mp4;7d28c94a-77ed-4cae-a34a-ae7871e59528
course/MinesTelecom/04012;d4377cbeb37e4ae5a6f621473c50f490;videos/b2a4EmCc6PqA/HD.mp4;814decba-7d1a-4689-b053-1f9e5eeda449
course/MinesTelecom/04012;a075c11793894f1eb88448abc678e316;videos/3cyxIiaknEJj/HD.mp4;cf9d628e-12c8-4e45-9dd9-3f4d7ddc1495
course/MinesTelecom/04012;b72927aa61a842c9a0a551592ed1b96b;videos/GoQl8asfX4mz/HD.mp4;1ff1228f-e13f-4100-af47-2d6ff9c7685a
course/MinesTelecom/04012;ff8dd21f9c234db18b5ae23d87cd3729;videos/qbYMOjATLhYt/HD.mp4;b122f0d0-5566-4384-9293-e89c3609373c
course/MinesTelecom/04012;8b2c0f9b83d14abc9bb761e76abb7e6c;videos/f8TQtoYkte8t/HD.mp4;0b480611-3636-4ed2-80b3-1dad3ae91c36
course/MinesTelecom/04012;c60972dbde3349dc92539a602b737ac9;videos/SNiLzPYU3vYV/HD.mp4;01ca9631-f068-4229-aa34-1331ebdbf9dd
course/MinesTelecom/04012;1299a9098e2a470bb9fca27ac07e3fe3;videos/sFrQMwJa7DeZ/HD.mp4;6fb1e639-36a3-41bd-923a-3a93224cd9a0
course/MinesTelecom/04012;bb9255ee594d4ce9a304e4a33bf36f49;videos/YXe8Lzu6edxp/HD.mp4;07ec1c0b-9709-482b-92b7-46b2cecba4fd
course/MinesTelecom/04012;90cb6f4a151d4124ada535fd2b47e093;videos/D9XD9I5Xz72X/HD.mp4;cd7f1423-6dbc-4b5c-886a-f25af6b61b05
course/MinesTelecom/04012;53897359d6ff44d4b6c8e1e97db576d4;videos/4pmIDWEWKj7K/HD.mp4;33f66bcf-24a1-4bd3-8980-ca116a51ebad
course/MinesTelecom/04012;cf3fd5addbde488899bb9ee5eb77ad0e;videos/EIqbgs68C84o/HD.mp4;4e6edcb0-35d1-45ba-83e9-897fa18bb216
course/MinesTelecom/04012;6e33f3a425c44b73a5c6b561aa494369;videos/CDXE8e2EPH2H/HD.mp4;2ecfa88d-99fa-469d-9502-687de2511eaf
course/MinesTelecom/04012;b56438cb977b4641b974dc9be7f0d582;videos/2OceveqtWylc/HD.mp4;41c7f886-d48f-4302-82ee-ea2c061e608d
course/MinesTelecom/04012;024ef427edf14c7d8fb3c358d0c9f14d;videos/mb7u3qjhNILI/HD.mp4;76b1df1b-c8d1-49d9-8a92-a520c50d42ab
course/MinesTelecom/04012;e2012932008d452385c898b21c6ee000;videos/dfYrPhXHoDDW/HD.mp4;623c3a56-eea8-4f36-9944-597d3e459ca1
course/MinesTelecom/04012;b8ebdf74059941b2a2c92e4a3c6439e4;videos/axY4brXYKimD/HD.mp4;152e6bfc-bbec-4504-bdec-2f196a3d69c3
course/MinesTelecom/04012;34bae6ab4fca4a759c626d3ada92d642;videos/gp6IvZTPa516/HD.mp4;6624ac7f-4452-4e90-a465-76756e38420c
course/MinesTelecom/04012;b1e750ab1a3e40aaa1151ef9faf8f6b2;videos/Cf57soYFyoXj/HD.mp4;bec27bcc-4563-4ec6-8aa5-0783c5627fe3
course/MinesTelecom/04012;702a92ab6f88438495ca1cf9f822ed12;videos/ducGn4q8WdqN/HD.mp4;522ea454-2e24-479c-ba18-a0477ec00d5b
course/MinesTelecom/04012;501b61c000b847ec8053d12198b4cb95;videos/tO3pgCOKArvn/HD.mp4;e6807e44-ab40-4849-8564-4d1178bda216
course/MinesTelecom/04012;2720f921e2bc4b1e92b36f4585fe9033;videos/kjqrgAf8Y2sF/HD.mp4;9b7374b2-ae6b-4775-9eac-73e7528c5080
course/MinesTelecom/04012;5a9a7300e22343cd94553a9816d5a919;videos/SdFKfFpc0l6s/HD.mp4;4c7b6031-8998-4835-9358-eaf72872231e
course/MinesTelecom/04012;221ead5f828f4695b22c36b4eb21e9d3;videos/8AMiB2w4an7E/HD.mp4;c9382fab-0c6b-48e4-abe0-3d67235e98a4
course/MinesTelecom/04012;54c5cf3b5b6a4110a4bf10a51d277149;videos/uQfgcdl5EZhX/HD.mp4;60398f27-ed75-4c71-8c8a-cf0df3e71f28
course/MinesTelecom/04012;e33109a3f8e047f2a44d2a762268ff70;videos/IhsQD0sy9ObG/HD.mp4;23a14056-d452-4fe2-b100-8c400bca4112
course/MinesTelecom/04012;1a42f10a4f254a489fb61f4d80b427da;videos/6v9913Qmk5rP/HD.mp4;15954cb2-03ef-4b56-bd60-1162d61ac107
course/MinesTelecom/04012;d53bf893852c4672badc0787c1127e59;videos/QFXUpKQ0GPBc/HD.mp4;b6c64f64-1008-4748-b4f7-7357a9dd185a
course/MinesTelecom/04012;cd5dc09d7a12485cae7fa2af5a26ee90;videos/2AreWQ53QoGU/HD.mp4;68cc4944-a023-41e0-9602-46219c1b5a81
course/MinesTelecom/04012;04ded9dbb9474ab9808cc06838d5e8b4;videos/a7vaCqd5BYE8/HD.mp4;1b36919f-13a8-4b00-9f7d-448622eb4ba3
course/MinesTelecom/04012;475b87e249d04d5e8436afedf45230c3;videos/HR0uDQSj5DPG/HD.mp4;efb49fab-d453-4b05-87ed-a1f93e5afd12
course/MinesTelecom/04012;a1c33ff6818c4d10b61c6f532d03f6c0;videos/uKPITHhFXHpe/HD.mp4;ca67086e-ccc8-4207-b007-19aba2e8fe66
course/MinesTelecom/04012;8f9c4503fe464a3f9169d642414538af;videos/cOr8oBZg7XxP/HD.mp4;9da44b59-5879-4eec-beda-2ab3d42bdfd1
course/MinesTelecom/04012;5c11144d134b4aba9ac4c93db98184f3;videos/yHntY5NarcWx/HD.mp4;8a0a288a-25c4-434f-a7aa-28a926b42976
course/MinesTelecom/04012;46a3bdb8713b48dcbf1bd327ea538541;videos/mv20knBHa92p/HD.mp4;0941f48d-9ccd-49ed-963b-ebfb4b6fcf8b
course/MinesTelecom/04012;a9e7bcfdce1646fa86ebba89d2a21e42;videos/j3GOlBmMZAWN/HD.mp4;08629d78-e2ba-4d94-b759-a77769529bbd
course/MinesTelecom/04012;c69108ea0e0149a98f3324ed4fefe843;videos/nXpFBKw5t3wz/HD.mp4;67f6c45c-0382-4137-874d-5c4a8ee4efda
course/MinesTelecom/04012;89af0f6fa2214e4c82fd4432eda683eb;videos/SPVfzBqFCYr8/HD.mp4;3b60441b-7706-4b97-ba46-883199ee7648
course/MinesTelecom/04012;4d62165e3b1b43528919e93e5ac84662;videos/IR8hCLhJ46Tq/HD.mp4;00abb62a-8a4a-4487-b27b-4df5192a9982
course/univartois/35001;554c9b57b4fe449eb62326ed84fa7231;videos/BvS9vYnFQV7F/HD.mp4;522782f0-a121-456d-8372-67e1a7a91c63
course/univartois/35001;d2b9273bf20d489a9f06521fbe8a8b56;videos/gha7fM4vGBNf/HD.mp4;3a1d040e-d835-4564-a371-48ee82daafa8
course/univartois/35001;3f73be37df934ef8ad43a554192386fe;videos/VmtHLd7bdZMT/HD.mp4;65ddfdd0-ae9c-4ac0-a16f-6ed1fa242f8d
course/univartois/35001;87b749ca75274a85954045abaa9a3248;videos/m5BD7F4o46ft/HD.mp4;133a5125-b264-40a1-b7b2-5548890a0d4b
course/univartois/35001;45c44995706344a29996ff51965123d8;videos/FRITeoptqmbs/HD.mp4;cd727991-0b71-48cd-b594-b078461daf30
course/univartois/35001;06f52e34fea5400fb42a42b5cf9bded2;videos/Zsf5TJukjvdH/HD.mp4;0ba19cb8-f19c-4488-bb09-ec9e25d78064
course/univartois/35001;bf7d67f7a55743bcb2ac65fef769cb8a;videos/LMU8X3izqmE9/HD.mp4;38d7941e-369d-482f-80c4-6e4db5118e2f
course/univartois/35001;9278c0a1ce29441987568c04edd4fab5;videos/9YbFzicSVlb0/HD.mp4;dd5fcc9f-cf86-4d0f-b11f-9cfcc08dcefc
course/univartois/35001;9a3f0697e85e47fda9bce4e33f33a2d6;videos/H6oIh8pQkD2t/HD.mp4;7674f58e-738c-4aaf-8296-54b5edcb0b88
course/univartois/35001;c803f39160864826959c8c994afc7f60;videos/DjUlfaG88fgQ/HD.mp4;c5aa0203-171d-42fc-9a11-47cb52f4148a
course/univartois/35001;0a718d8a5e0747f3b19fc781d72642f6;videos/Wwe2yMFjd0uO/HD.mp4;6b912e9f-0d32-4264-88bd-8b8299151e0f
course/univartois/35001;192f7ba88f514cb7aa5c3fd68a6b45f3;videos/bxj7r9Cvw4wT/HD.mp4;838c1880-0cde-4e81-bae9-8a0a4afd89f2
course/univartois/35001;6d263563522841c7960d49c7a02219eb;videos/fe6yPyvxEBN0/HD.mp4;7046bf99-7db6-415a-a8cd-832ef4fc3877
course/univartois/35001;0acd78a350dd4349a6bd34bea46cdefc;videos/W5xCg1PHq7NR/HD.mp4;a12dfb14-7865-435a-bf8a-c711d05107df
course/univartois/35001;b3f3227fc70545e389f2005679955044;videos/mSyb39dqfTWK/HD.mp4;45d1ed20-e2d6-49bc-a745-0620909349ef
course/univartois/35001;b987cad275564335aa1c2c378dd5b23a;videos/OGy1xEbfweP6/HD.mp4;7c3c477b-1597-4bc5-b3dc-623ef263b04a
course/univartois/35001;cc75dcf4fac74d34b08c017234990725;videos/WDVdVXwnHKtr/HD.mp4;4c77ce32-0e48-4c5b-a9f0-8dd9bdc550de
course/univartois/35001;e40122192d0043e895bf9a9be7d61da6;videos/s7r2Ker4sMLU/HD.mp4;94a9823f-923d-4851-bf1d-13704b4dc994
course/univartois/35001;aa221b7d43d44801995c8094910b18b4;videos/GfFpgi4O7H9I/HD.mp4;c790dced-70f5-4598-9113-0c70430f7a87
course/univartois/35001;b40a7a3c6b8b43549ee8745caed62485;videos/GQpyqwhINANH/HD.mp4;31ad3a6c-aa4d-4f83-a7da-538909896299
course/univartois/35001;ac9599ef26aa4b758b42c448678888a1;videos/k7Wn4h4A7LKc/HD.mp4;d4977576-97b4-40db-be08-ad6c35a728b7
course/univartois/35001;2fa762be96ca45bf81617ce33013b7ab;videos/E7XKErC9aqk1/HD.mp4;8a181988-2acb-48f1-ba02-795a13f80fed
course/univartois/35001;32956e7066224c689a9697eed23f059a;videos/Gz6knBXX6tUe/HD.mp4;3c3ae63c-7efb-4c0a-96cd-c7a27caf42a7
course/univartois/35001;7077191cb0794c149ba7b11e6a1106f2;videos/jM8PiVlJ1PBi/HD.mp4;7ccc8571-e1d4-47c2-b3ff-21fc9d686628
course/univartois/35001;c60b2a161af34e65b4a3dbb565f93bed;videos/xOpIvz4i9uWH/HD.mp4;dcebac67-5048-4c8f-a13d-cf6b144c30c9
course/univartois/35001;0d173a8357884e35bd694f06349119c9;videos/ardHaa2ROuX9/HD.mp4;4b10fdfc-bc94-4683-9025-c71fb394e895
course/univartois/35001;d4a2707782d548ba87c530a106d833fd;videos/hcfPi8bo2IdI/HD.mp4;54877429-4989-4a1c-b141-37e8b7f6217e
course/univartois/35001;9184370255dc4781b3ea685c92b6a4b6;videos/WUDJrVrtcim0/HD.mp4;836b1905-4465-48b6-b44a-eab3552962d7
course/univartois/35001;f7f38d247cd54ec39c6df9977245f8c3;videos/lBAAjQrrlpWX/HD.mp4;fc47cde7-e30f-4ae2-a6b7-3a55a941da01
course/univartois/35001;47474a3d59394bd4a0ae79c6a6f07cbb;videos/Fkr11Vju04so/HD.mp4;311921e2-c80c-47b8-acfb-35dd0da8c1c4
course/univartois/35001;99e3bd25bf4d42f6be39d78a1fcd0104;videos/fbn9fYVpU1k9/HD.mp4;5bd1fd40-d5d3-4465-87f2-5650429f3151
course/univartois/35001;232826390f5f47099a13193db4393570;videos/oIEYG43FROxC/HD.mp4;6e81b43a-054a-402e-84b9-42eec086cc21
course/univartois/35001;00109e583cff4d899df115be9514c736;videos/hl4pgNXvKEc2/HD.mp4;bd1ed485-61f9-42aa-a791-2e15343d6a30
course/univartois/35001;88478f216ab2472ca5c52524272742de;videos/HF1NTEed2IgY/HD.mp4;f6157fe7-cbfa-474e-a625-61da7e8cd529
course/univartois/35001;873592013de544408aa83744415ab293;videos/BvBNZEwb2fsq/HD.mp4;a246eb02-b76c-4a5a-a370-907c3f782580
course/univartois/35001;a2040f915cd6466fb21750008f3e27c1;videos/T49ik3czzgbx/HD.mp4;764b8774-8c7f-4234-b048-f64b2a4dbeb6
course/univartois/35001;4bd5661cd66042199b70b442412dee91;videos/aCe6SwHKvI1o/HD.mp4;2a2139a6-5e9f-4236-8f48-84af13ec7201
course/univartois/35001;47e2211f013644818061aef8201dfd13;videos/u1uCOZI5rp88/HD.mp4;940bdccb-0bb3-43a3-99d7-c1f6014bcbb8
course/univartois/35001;5c8a20771c094bf68ecd1cb06004b102;videos/7n0ECI78ZWiG/HD.mp4;7cd92241-8964-4d77-8e49-49dea40003d3
course/univartois/35001;d55b22ef5a2641dc9af9b54838d4500b;videos/m2jGxePeg6mr/HD.mp4;b32be2a6-05d6-4686-9363-02b99db54bc8
course/univartois/35001;e1f9963eaae244dcac6a11ebfffe0cd4;videos/ONyRdodLMwuT/HD.mp4;1c5c4543-8bcb-4fc6-a399-c83a03184cfd
course/univartois/35001;61e32da5db734becbc105d9b396d39e0;videos/cREQD4zdrK5V/HD.mp4;9687d24b-1d0d-484d-92a4-70007dfac968
course/univartois/35001;08504c359c914ebc8a96ab4381a77373;videos/YXDevt9MjOqC/HD.mp4;7c6b2b31-aa56-442d-b770-4cca600dc078
course/univartois/35001;eea8aebbc9d542a58ad1aedfd1804c16;videos/lOVwpTJqIfIt/HD.mp4;e33870dd-c4ce-410d-b94c-c47c7e21aac3
course/univartois/35001;43ab0e9edf814b24be607f2b4e4afef1;videos/H46wmGuORvJZ/HD.mp4;fbb4578f-8484-47be-b26d-22e09092dad7
course/univartois/35001;5b05f71b75dc497aa635d3ce74a49dc5;videos/V4VJo3C9yNWv/HD.mp4;ae019f06-5484-4dda-aa76-029f6e212503
course/univartois/35001;749bc72dccb741c8a828cc5c9158510b;videos/eomcCSgTh0yy/HD.mp4;cad81e3a-39ea-430e-8cd5-1fe22542f492
course/CNAM/01021;9ea5170288554c67ba1ff1a4201fcff1;videos/KIrT9O8u3THW/HD.mp4;12113c86-6467-402c-a74b-39f4a940f615
course/CNAM/01021;b600c68e93ad44b9b2fd77638e5a14f5;videos/6dBBju9i2RJY/HD.mp4;7ca784d5-a2e5-4fc5-b83f-cf891581a9ac
course/CNAM/01021;5848fce791a84141bbe71d781324941b;videos/z3Ww2aSR0Vle/HD.mp4;cc0b278f-7a03-437c-b22e-ebd7dc4d13bc
course/CNAM/01021;ac7f7620d50f4b04b3e6b7fffd923e55;videos/Wz7BvfDFs0Im/HD.mp4;ea6c7270-670e-45f2-ad44-8b3be6a762df
course/CNAM/01021;8c0bb5c860394ff0882f49b6b97c4420;videos/zyzGWeXGTJ3W/HD.mp4;9cc2afdd-fcdd-4865-9bb9-b0b8673a68de
course/CNAM/01021;4938d4a23dab4ff3821500939a8a40f2;videos/1QSpRfZBNSAf/HD.mp4;189c5194-7eb3-47db-ac41-51293b23d6f5
course/CNAM/01021;6c3978687c0947b7888e24b128d64148;videos/v3YoFvCMxsmZ/HD.mp4;55338c3f-b0ac-4416-a847-a3c7e3fb78e9
course/CNAM/01021;811f0bf88dfe457e8ffc812722235414;videos/yNwUYYTJMnku/HD.mp4;f3012662-a25b-4144-b9ac-d12369a4e99f
course/CNAM/01021;490cff34862f48a4bc9595de57602fc3;videos/c2xgWtehDIgv/HD.mp4;f7aff7c0-ebb1-4b4d-8f02-00679427cc21
course/CNAM/01021;e0937d19ae2f43c183402786afb50b13;videos/zhRu5NbWI5c9/HD.mp4;b3396b49-204d-40a0-bced-4bdfea35e18d
course/CNAM/01021;c7804b5e51904c659d9071eb2304e0fc;videos/7JOErQqJMkQX/HD.mp4;0eb3ead6-073f-41f2-99e0-da2f70f6200a
course/CNAM/01021;40ef84fafd3c4f14a8ad02305a30124d;videos/Bo0GzIx97zAL/HD.mp4;52328049-74c4-4b48-9c9d-9682a932d38d
course/CNAM/01021;866667ee0405434c8ab9789082f9a612;videos/4rkfDGfensUP/HD.mp4;3593c244-6842-4641-8f51-43fe3ed5e8bf
course/CNAM/01021;d9c9323117f941018f279ed043b49de1;videos/zbqV6wrStYb5/HD.mp4;f0fa9693-2c04-4dca-9ea0-20ac1f372864
course/CNAM/01021;ff04f80bc3c24052b296ee1b29a2a1d5;videos/jDoPMXUiC9pG/HD.mp4;e6a7002d-24ce-4188-9606-ac8088506064
course/CNAM/01021;c42f50ed2ff4439bbc71319ad92860c8;videos/k2xipsVX3ZaN/HD.mp4;abaf8e6b-4b61-49c8-88c5-f62bd25e7eb5
course/CNAM/01021;4be06b01721343ffbd6c63eb83c758b5;videos/LfLbIg70B0sf/HD.mp4;57a121ee-1b7b-4cfe-b774-14d41df40439
course/CNAM/01021;6ad72a8d987a4b4980a0e65d3bfd50da;videos/97kIXCkysZuE/HD.mp4;840d4c2f-45cb-4250-adc2-2de01f0966ea
course/CNAM/01021;ed94e91e5d794fb4b2ffc7ca64f96525;videos/qt5fhN0vo5gG/HD.mp4;87e9b5c3-5809-480d-9497-00d43239fc0c
course/CNAM/01021;7fe379374114443cafd996062b2a91ee;videos/cBQsTE349IGp/HD.mp4;b8132ca4-7c0e-4eb4-8ae0-d938a21dc90d
course/CNAM/01021;b7bcf876cb614d95ac0080a1c7f041c3;videos/IQ2rYMiJFLvz/HD.mp4;4638f4e3-bd57-4ad9-89b0-2e7b0bed37f6
course/CNAM/01021;92405c1cfed84e5b89b03bfd398dc2d2;videos/DnrLGo09f1tB/HD.mp4;50064bc2-4df9-4d40-be2b-a9ba2c6a4d41
course/CNAM/01021;9085a7644f974a9bb4648c5be4bec8d1;videos/v59t1g3UmRQ1/HD.mp4;fc2bf936-7aa7-4a33-9a90-4845ed32036d
course/CNAM/01021;900ca764344d42dfb9fc004acc04001c;videos/MExoAEcN4zOy/HD.mp4;9ef27113-681a-42f0-b920-3d6412ffebfd
course/CNAM/01021;0c6071f95668476fa0dd93a9b413a990;videos/XXUCe7T7nGd7/HD.mp4;c87f85da-546c-473e-bcc5-7bf075cf0fb3
course/CNAM/01021;619f40ef3faa4d449412f0664e42327a;videos/pRPSkjEiWK3F/HD.mp4;a06a0e5c-21b2-424c-a21b-99aa13051d41
course/CNAM/01021;b036005e8c3644e881417ea50b466ff0;videos/zY7Qm0nJyDfv/HD.mp4;5af4fc0b-f910-4825-bddd-4d3e1b8e3eb0
course/CNAM/01021;66cb3baaa7aa44cb8efe9199bc9fc2cd;videos/DdlKFA8VA9IE/HD.mp4;9d55b7dd-cfb0-46e5-bb85-0b77e4b65f05
course/CNAM/01021;5e6bb9ed3aa0493c90fb850ade716b5c;videos/Sc8gCprMZopj/HD.mp4;dedc741e-be08-48f6-b773-eb6dee5ad2f4
course/CNAM/01021;cf582c903d064f6ca6b3fca3bea2f691;videos/3oAwcmhunARl/HD.mp4;18d3fb64-b709-41b7-8155-024b79fbb2dd
course/CNAM/01021;b78762bdc69b4885b9161b1ce4c4a624;videos/Um8nNzhuvxJ6/HD.mp4;c0af0a48-7ee9-4f7b-9158-7b2a2cb9cead
course/CNAM/01021;a6e709961ed645d18a33de7dae6b15c8;videos/fljCgAKfdUDd/HD.mp4;2487ce11-3e52-40e2-b269-1de6d2dea0d2
course/CNAM/01021;6b9904dfbdee40a38429b66a07d21b57;videos/uODb034CXgFw/HD.mp4;8ab75d2e-b9db-4b50-8e36-8f6131991103
course/CNAM/01021;1d8223499a7c49659b34579fd0b14d8d;videos/QEiu0GKroMfh/HD.mp4;13bbec9e-b88f-40af-bd73-203c1390e854
course/CNAM/01021;0323d8acb4734017b021686f13f7d01f;videos/HeugZwXQ0nT9/HD.mp4;a7f4eb59-1faf-4988-bde1-d73a737db69a
course/CNAM/01021;64267da6d65643fabeb2ad0dbf814159;videos/Many5YN9Y9L1/HD.mp4;a90b704f-2d32-4bb8-ab9b-0fb8b9904436
course/CNAM/01021;c7ad2a31ef8945e09d96b70e1c6438b6;videos/8kXD46W49kP4/HD.mp4;cf8797fc-fe5e-42c0-bc17-3a5154d268d9
course/CNAM/01021;e848605666b44e6db28ae18af6bcd60e;videos/ZFF4wtthXgJy/HD.mp4;5e8ebbe3-30f3-466a-9118-74e0b2a639ba
course/CNAM/01021;06625abd3f0e413d8e2696df91fd06d6;videos/DZiNc2BTivas/HD.mp4;ee88160c-7244-4dee-a389-5da1c4d40173
course/CNFPT/87017;9a356844488c4a0384fbaf083188570b;videos/pTvzWmhLKG9H/HD.mp4;4ce2c1ae-e54a-44e8-bed9-fadefe9f638a
course/CNFPT/87017;5c9e57ab35024a18b7b4c038a645e097;videos/F81KsWXr7XtM/HD.mp4;e27c84d2-f354-416a-b0a5-b61f4ee5a36c
course/CNFPT/87017;bbfa9a86a941445491e0ab269d2a8f32;videos/cnKv6LUXV2ZA/HD.mp4;505b1f53-fb2c-4842-9d5a-b5b70fc554a5
course/CNFPT/87017;bfe2f076ef96489780d07456893d8be5;videos/PfcOjPuTwDDh/HD.mp4;d2a13028-436f-401f-ab33-a395f645c448
course/CNFPT/87017;b1e32aed702c45b5a650031751280298;videos/yDNZXk1RHRpQ/HD.mp4;4392f68d-c2eb-4343-ac23-40abe0ebcae4
course/CNFPT/87017;241433573cd541e4b4fd81bef34d601b;videos/eybzU3lK1FYr/HD.mp4;5cfa2253-1fb7-4b2d-ae2f-f398cea18bd7
course/CNFPT/87017;6abccdecde934268bf885f773533b46d;videos/yIZhEJFKoqjL/HD.mp4;93407e5e-8b2d-402f-81d0-8702a55fca34
course/CNFPT/87017;722bad0660f944da823a3c7a1e3e75ed;videos/i5Yyn4bUxUkG/HD.mp4;97b30cc5-0b50-41b6-bb9c-f9c865c777be
course/CNFPT/87017;2cba493233f54dd289fd5d5af46b4ad9;videos/lrPm1iZEANYb/HD.mp4;4f5106d0-df95-48ea-990a-d238cc726b1c
course/CNFPT/87017;c55d85c758624bd0837a0529c7d02c8e;videos/puF3JTdRkRjT/HD.mp4;fe27aa06-01d4-4e50-8e39-a2bcea78b384
course/CNFPT/87017;b26ebaeefb5f4322b8e2bec76a6bc6ea;videos/vVDbup9bD0iO/HD.mp4;4386bd09-4b63-42b0-a280-fd6b2621aac8
course/CNFPT/87017;3330e3d6b2bc472babf0393fb216c19a;videos/xXQAIRJf0N8Y/HD.mp4;c07e3409-3b3f-4afe-ae07-866873b98b82
course/CNFPT/87017;1a59e646521e4a9caefc2f166eec4367;videos/ZFJ6tiaiEwdk/HD.mp4;a94ded00-4f42-44be-b548-e19fceb6e3bf
course/CNFPT/87017;778a3a2ec04043739759ff4a061f5305;videos/Lq4rEj7evNHf/HD.mp4;b6d7a478-a3d2-45b3-a2e5-557cea05197e
course/CNFPT/87017;7ac24f458fbf4ca39230286ab9fb77d3;videos/cYSlIN4MSn21/HD.mp4;b186e2fa-4e6e-4dcc-8649-5ee37047032b
course/CNFPT/87017;2ff7839dba9e44d08f91956680977b97;videos/zkhxGMvezzsJ/HD.mp4;2b7d1ccb-52ca-4adc-bc90-cd885176bde1
course/CNFPT/87017;5f296215d17840a1bcf77d5519e4d5e7;videos/CvRVYA7ruI2H/HD.mp4;c16156b8-96ef-4492-be43-b867334da5a8
course/CNFPT/87017;49caad8eb97a45978938eb91e7238588;videos/RSgK1Ttmutrj/HD.mp4;7f137317-33b0-456f-bdf4-1f60fea4492d
course/CNFPT/87017;3a0dffd57e4a4c039752229479e0226b;videos/NGtoxH0pTqkL/HD.mp4;50347fc1-457f-491c-b16a-4ccb30e54cc9
course/CNFPT/87017;49b8267b7ea940659cc7e5ede73ca369;videos/ImJ4vqFpd8JZ/HD.mp4;30c44fae-9609-4552-b1b9-0cfe0f954321
course/CNFPT/87017;24fc6bf3b71f4c238ff1f84a8684010b;videos/bOlpvHybPZpt/HD.mp4;8c2708e3-7cc3-4b73-944c-20852c3d2e71
course/CNFPT/87017;a4141bde9d4d48ba8d77251f47990ac8;videos/A3A98NhAgDAf/HD.mp4;910fe947-3e81-4249-b1cd-885cb6f6f10d
course/CNFPT/87017;fed6faa2c768415ba087d088da6795f7;videos/pXR9dzttQRRs/HD.mp4;1311f3b5-cec3-4600-abf0-ddb950427fa1
course/CNFPT/87017;1564ec42868f46b0abe3c13d72c72415;videos/ugL0a4TUEP7M/HD.mp4;c1dc928f-bd2a-4405-a4e3-7e97e5485db3
course/CNFPT/87017;6f61184953014ddd99c94e21669ccdb2;videos/zHOmge9toAvo/HD.mp4;1100f332-7c1a-4319-9de7-10cf4f91bcfa
course/CNFPT/87017;66ffac8dbfba4aa5b8fd3afab2d337d0;videos/qkfGanJWrmLw/HD.mp4;223d140e-d797-4d2b-b153-cf60f6a05fc6
course/CNFPT/87017;2b5d6311f9604747ace6e0bf2909f3a3;videos/FvmtufE1ZVzM/HD.mp4;e617b5ac-e171-4878-831b-eb92bc771ada
course/CNFPT/87010;12ab50b4aba6495c85a1164afa188f4d;videos/u0YVRHtRVOLh/HD.mp4;f1fc5955-e784-4bd2-af64-21e4d0edf933
course/CNFPT/87010;de62045d93c44dcebb078c20b3e2cac8;videos/s3TLG9npkA7j/HD.mp4;815672d5-6a92-4601-8d42-d220bbf1e746
course/CNFPT/87010;ea14c6a03b3a4a1cac811fe8aad07f77;videos/CTOwJBRurieT/HD.mp4;ba8bbc86-707f-4613-a22e-d1e7a22f8870
course/CNFPT/87010;41b01bfdabbe4b4fb1de15ea0b434894;videos/eJ0zrwpSwoYt/HD.mp4;312bf032-a47f-429a-95f2-019ff22a53d5
course/CNFPT/87010;53ad7c6c78084d8398aa9e0340131bee;videos/ETphBfRE8TPw/HD.mp4;f600cfdf-7042-4375-a870-723991572271
course/CNFPT/87010;ba4867d3ec254cd7934fe8b1cf4714cc;videos/yAzfvfbPdpYc/HD.mp4;748f87d9-0ba7-4cca-b155-947c5cc5afef
course/CNFPT/87010;ca52eb7953ee4dbc9c737080622be35c;videos/W2WI8QvpT8YQ/HD.mp4;e86cc1ec-9f22-4978-880b-bb0afc4efb97
course/CNFPT/87010;8766afbe203e4475a8853959af6a56cd;videos/XNL1B5TsrIRO/HD.mp4;1ad426e6-cae0-41e0-87e0-69e006c1cf4c
course/CNFPT/87010;0b89a6be609e44b29c3962ab4fffab27;videos/AIiyZb0CyTiW/HD.mp4;691fccd7-e876-419a-bf1d-0843bc0c9f3d
course/CNFPT/87010;03418da3b40b40738429f5d0faa536ec;videos/P7Dl0KpiP1sL/HD.mp4;d0d0c107-759e-4337-bcaa-0002ffd9abc1
course/CNFPT/87010;9e28e94537694247bb12958304eec8f4;videos/O2tSSvBQYupY/HD.mp4;6afe470e-b508-40bb-909b-289a78c06446
course/CNFPT/87010;1840c66e9d2744e3a7f3dee390a2411b;videos/fxOv1R36dzgR/HD.mp4;c187a622-6cf0-4b2e-8e85-81c559773288
course/CNFPT/87010;281aafd3ab024c8aaafcee63f9ca8ff0;videos/YQtl6Jwjy64d/HD.mp4;e8cf7b27-5114-4532-94a0-84d9ce05d55b
course/CNFPT/87010;eb15775611a04c93ac7e5a1606e27a11;videos/L1PmIJ3mBoux/HD.mp4;211c1d3b-7d5d-4f0f-8f4b-d20a4a811d11
course/CNFPT/87010;73d926d7c4a54295b6d1a928e5f57b22;videos/6FmFVl5LXNZs/HD.mp4;90daf784-0c5f-46e7-8b77-9d703b398b9d
course/CNFPT/87010;693442d2e9e04de8997a8b9e96cd2693;videos/0ZRJvvWqYUK3/HD.mp4;eb1fc0c1-1a26-4271-a8a4-5e117e869462
course/CNFPT/87010;34e5502a4bc74c089bbb1670090959f6;videos/Jg7xjA78gfBd/HD.mp4;1ea55342-745c-47a9-b406-8c3d411a6739
course/CNFPT/87010;3d5ad5e5ec134fb6aa25a05570e18ff3;videos/Tc240vbmYru8/HD.mp4;bc47cc4e-f6a1-4cb7-8395-47c2acada783
course/CNFPT/87010;e8fac2e4d617424fb09753ad3c6a1ad1;videos/6ShpplCThV8D/HD.mp4;31c94b85-ef9a-4dcc-9d6c-f26161972717
course/CNFPT/87010;6b4bf73ec153497390e60b6a01eeadda;videos/sWuF8Hv2HKXP/HD.mp4;00b45976-0e65-448c-b360-e0141ad9ae18
course/CNFPT/87010;8ce9db7e4fe1467cb2cd3b173a8c834b;videos/kfZLpdGTetiI/HD.mp4;20d284eb-1141-4fb5-9eed-005f928263bd
course/CNFPT/87010;676ba09881374320be1b80109143375f;videos/kqVDRx9Lk8Vr/HD.mp4;f06f225c-2ffe-4d3b-8200-04b0a3aae399
course/CNFPT/87010;9b929febe5c8450fa7854a8452989f47;videos/D6b39Ugq3R9C/HD.mp4;02da1287-921d-4deb-8f74-4b4ac09181ae
course/CNFPT/87010;754324bb457b44a3b1ed0efb7f3f01cf;videos/PLAzMFsLl9u2/HD.mp4;3be6e6c9-056c-423c-bf95-e5b803c82e1e
course/CNFPT/87010;7ec369b9da0c46508abba137e0a1a53b;videos/e75obzQABLMx/HD.mp4;8aba9d25-5f5c-4ed3-94ca-77f30dd0ebb0
course/CNFPT/87010;3841775562e94f16bfd7f54ba1e20927;videos/1ypAiIzw4uYB/HD.mp4;c54f4223-8d24-4077-9e07-1cffcb580a7a
course/CNFPT/87010;87689b387c45440aaeee609ce399fbc0;videos/ABewyr8w4TsB/HD.mp4;2293f734-78cd-47a7-b3aa-02c647ceba3b
course/CNFPT/87010;770e3f4cdaf7441e82a9ead989fb4a99;videos/Ehm17gTGNWrQ/HD.mp4;ff848cd0-56f7-4537-a776-4d6b23006ee3
course/CNFPT/87010;18b709912cd043c9abea4b0daf4afec6;videos/vNxoLTk8BRaL/HD.mp4;5942141c-346b-49ed-b355-e7cdf7dc4df6
course/CNFPT/87010;b34fed2d8212404db949edd461627078;videos/1uJOm4IIiHPr/HD.mp4;284ecbd7-8b99-405b-98ba-33ad78605a2c
course/CNFPT/87010;9f791b616dfb4ba0a98b496cf549a012;videos/zWo22p06JwJz/HD.mp4;371f1200-484c-4c83-ad8b-16e09f836f09
course/CNFPT/87010;90d487aacac347b9b47b12d590d98aef;videos/e6kgXU8Smvtu/HD.mp4;92ce4332-1bbf-4dd8-94da-0af04ebe6d08
course/CNFPT/87010;77743c2df5ac4ac7a226e1c4a4891d1e;videos/EpukEXVey4kI/HD.mp4;7f794166-31c4-4043-9942-38f4afc00176
course/CNFPT/87010;d33cdf226ea245409c0310f3287f40a0;videos/x4QYTJfaygDV/HD.mp4;35e5cf4f-8cb5-48f2-8581-7e13790a0ad8
course/CNFPT/87010;6492b8c2c1554a37aabba2bf8e379425;videos/enqnOFVz4Lcq/HD.mp4;374f8adc-2824-4b3d-85f6-3ab70e8b6980
course/CNFPT/87010;f2b16d5862184a159f08a36f7a452247;videos/BfIRn8EL5cgf/HD.mp4;392784b7-6403-44d9-a9fc-28d244c11c0b
course/CNFPT/87010;4141db56c0dd4e1ab99f0fb7a7ac3557;videos/6M3Hqeig6Luv/HD.mp4;dd31bc4e-92f9-4442-a85c-fd49ed53676a
course/CNFPT/87010;2aed7ecd92284f4e8fa95f8691b95555;videos/aIEGja5tyoT5/HD.mp4;24673c5c-97ce-4c54-a60a-c243b222056c
course/CNFPT/87010;0c48a854df5e498ca2320533b32ee6fb;videos/TRSLasqBmu2k/HD.mp4;a2cd0224-4df9-423f-9bd5-02eb88940d95
course/CNFPT/87010;93898155043a46d39f8a8169cc217215;videos/o5LurMycmpen/HD.mp4;56467664-2057-4382-963d-5a0dfec2d8aa
course/CNFPT/87010;66e40429ea1243429d7e458f9c526921;videos/ByTeakFcgcqy/HD.mp4;36ac88e5-c8c3-4852-bbb1-b652ebb85e16
course/CNFPT/87010;9808cee57ec64054be0fbef637704b17;videos/a9Fji15zkzDq/HD.mp4;1dc6d124-8ba0-46c1-99bb-74495ccd670e
course/CNFPT/87010;57948845bc394623863e2c9ff920bf64;videos/Ky1xzI41IObo/HD.mp4;bf3fa6c4-e714-46aa-83c1-f1cba6c6986e
course/CNFPT/87010;cb98ef6edbfb4ffa8ee4a11cfd54ae5e;videos/4nX1XOxbeGa0/HD.mp4;0bbbc24c-057b-444d-b4a8-2b90a336fe80
course/CNFPT/87017;9a356844488c4a0384fbaf083188570b;videos/pTvzWmhLKG9H/HD.mp4;4ce2c1ae-e54a-44e8-bed9-fadefe9f638a
course/CNFPT/87017;5c9e57ab35024a18b7b4c038a645e097;videos/F81KsWXr7XtM/HD.mp4;e27c84d2-f354-416a-b0a5-b61f4ee5a36c
course/CNFPT/87017;bbfa9a86a941445491e0ab269d2a8f32;videos/cnKv6LUXV2ZA/HD.mp4;505b1f53-fb2c-4842-9d5a-b5b70fc554a5
course/CNFPT/87017;bfe2f076ef96489780d07456893d8be5;videos/PfcOjPuTwDDh/HD.mp4;d2a13028-436f-401f-ab33-a395f645c448
course/CNFPT/87017;b1e32aed702c45b5a650031751280298;videos/yDNZXk1RHRpQ/HD.mp4;4392f68d-c2eb-4343-ac23-40abe0ebcae4
course/CNFPT/87017;241433573cd541e4b4fd81bef34d601b;videos/eybzU3lK1FYr/HD.mp4;5cfa2253-1fb7-4b2d-ae2f-f398cea18bd7
course/CNFPT/87017;6abccdecde934268bf885f773533b46d;videos/yIZhEJFKoqjL/HD.mp4;93407e5e-8b2d-402f-81d0-8702a55fca34
course/CNFPT/87017;722bad0660f944da823a3c7a1e3e75ed;videos/i5Yyn4bUxUkG/HD.mp4;97b30cc5-0b50-41b6-bb9c-f9c865c777be
course/CNFPT/87017;2cba493233f54dd289fd5d5af46b4ad9;videos/lrPm1iZEANYb/HD.mp4;4f5106d0-df95-48ea-990a-d238cc726b1c
course/CNFPT/87017;c55d85c758624bd0837a0529c7d02c8e;videos/puF3JTdRkRjT/HD.mp4;fe27aa06-01d4-4e50-8e39-a2bcea78b384
course/CNFPT/87017;b26ebaeefb5f4322b8e2bec76a6bc6ea;videos/vVDbup9bD0iO/HD.mp4;4386bd09-4b63-42b0-a280-fd6b2621aac8
course/CNFPT/87017;3330e3d6b2bc472babf0393fb216c19a;videos/xXQAIRJf0N8Y/HD.mp4;c07e3409-3b3f-4afe-ae07-866873b98b82
course/CNFPT/87017;1a59e646521e4a9caefc2f166eec4367;videos/ZFJ6tiaiEwdk/HD.mp4;a94ded00-4f42-44be-b548-e19fceb6e3bf
course/CNFPT/87017;778a3a2ec04043739759ff4a061f5305;videos/Lq4rEj7evNHf/HD.mp4;b6d7a478-a3d2-45b3-a2e5-557cea05197e
course/CNFPT/87017;7ac24f458fbf4ca39230286ab9fb77d3;videos/cYSlIN4MSn21/HD.mp4;b186e2fa-4e6e-4dcc-8649-5ee37047032b
course/CNFPT/87017;2ff7839dba9e44d08f91956680977b97;videos/zkhxGMvezzsJ/HD.mp4;2b7d1ccb-52ca-4adc-bc90-cd885176bde1
course/CNFPT/87017;5f296215d17840a1bcf77d5519e4d5e7;videos/CvRVYA7ruI2H/HD.mp4;c16156b8-96ef-4492-be43-b867334da5a8
course/CNFPT/87017;49caad8eb97a45978938eb91e7238588;videos/RSgK1Ttmutrj/HD.mp4;7f137317-33b0-456f-bdf4-1f60fea4492d
course/CNFPT/87017;3a0dffd57e4a4c039752229479e0226b;videos/NGtoxH0pTqkL/HD.mp4;50347fc1-457f-491c-b16a-4ccb30e54cc9
course/CNFPT/87017;49b8267b7ea940659cc7e5ede73ca369;videos/ImJ4vqFpd8JZ/HD.mp4;30c44fae-9609-4552-b1b9-0cfe0f954321
course/CNFPT/87017;24fc6bf3b71f4c238ff1f84a8684010b;videos/bOlpvHybPZpt/HD.mp4;8c2708e3-7cc3-4b73-944c-20852c3d2e71
course/CNFPT/87017;a4141bde9d4d48ba8d77251f47990ac8;videos/A3A98NhAgDAf/HD.mp4;910fe947-3e81-4249-b1cd-885cb6f6f10d
course/CNFPT/87017;fed6faa2c768415ba087d088da6795f7;videos/pXR9dzttQRRs/HD.mp4;1311f3b5-cec3-4600-abf0-ddb950427fa1
course/CNFPT/87017;1564ec42868f46b0abe3c13d72c72415;videos/ugL0a4TUEP7M/HD.mp4;c1dc928f-bd2a-4405-a4e3-7e97e5485db3
course/CNFPT/87017;6f61184953014ddd99c94e21669ccdb2;videos/zHOmge9toAvo/HD.mp4;1100f332-7c1a-4319-9de7-10cf4f91bcfa
course/CNFPT/87017;66ffac8dbfba4aa5b8fd3afab2d337d0;videos/qkfGanJWrmLw/HD.mp4;223d140e-d797-4d2b-b153-cf60f6a05fc6
course/CNFPT/87017;2b5d6311f9604747ace6e0bf2909f3a3;videos/FvmtufE1ZVzM/HD.mp4;e617b5ac-e171-4878-831b-eb92bc771ada
course/CNFPT/87010;12ab50b4aba6495c85a1164afa188f4d;videos/u0YVRHtRVOLh/HD.mp4;f1fc5955-e784-4bd2-af64-21e4d0edf933
course/CNFPT/87010;de62045d93c44dcebb078c20b3e2cac8;videos/s3TLG9npkA7j/HD.mp4;815672d5-6a92-4601-8d42-d220bbf1e746
course/CNFPT/87010;ea14c6a03b3a4a1cac811fe8aad07f77;videos/CTOwJBRurieT/HD.mp4;ba8bbc86-707f-4613-a22e-d1e7a22f8870
course/CNFPT/87010;41b01bfdabbe4b4fb1de15ea0b434894;videos/eJ0zrwpSwoYt/HD.mp4;312bf032-a47f-429a-95f2-019ff22a53d5
course/CNFPT/87010;53ad7c6c78084d8398aa9e0340131bee;videos/ETphBfRE8TPw/HD.mp4;f600cfdf-7042-4375-a870-723991572271
course/CNFPT/87010;ba4867d3ec254cd7934fe8b1cf4714cc;videos/yAzfvfbPdpYc/HD.mp4;748f87d9-0ba7-4cca-b155-947c5cc5afef
course/CNFPT/87010;ca52eb7953ee4dbc9c737080622be35c;videos/W2WI8QvpT8YQ/HD.mp4;e86cc1ec-9f22-4978-880b-bb0afc4efb97
course/CNFPT/87010;8766afbe203e4475a8853959af6a56cd;videos/XNL1B5TsrIRO/HD.mp4;1ad426e6-cae0-41e0-87e0-69e006c1cf4c
course/CNFPT/87010;0b89a6be609e44b29c3962ab4fffab27;videos/AIiyZb0CyTiW/HD.mp4;691fccd7-e876-419a-bf1d-0843bc0c9f3d
course/CNFPT/87010;03418da3b40b40738429f5d0faa536ec;videos/P7Dl0KpiP1sL/HD.mp4;d0d0c107-759e-4337-bcaa-0002ffd9abc1
course/CNFPT/87010;9e28e94537694247bb12958304eec8f4;videos/O2tSSvBQYupY/HD.mp4;6afe470e-b508-40bb-909b-289a78c06446
course/CNFPT/87010;1840c66e9d2744e3a7f3dee390a2411b;videos/fxOv1R36dzgR/HD.mp4;c187a622-6cf0-4b2e-8e85-81c559773288
course/CNFPT/87010;281aafd3ab024c8aaafcee63f9ca8ff0;videos/YQtl6Jwjy64d/HD.mp4;e8cf7b27-5114-4532-94a0-84d9ce05d55b
course/CNFPT/87010;eb15775611a04c93ac7e5a1606e27a11;videos/L1PmIJ3mBoux/HD.mp4;211c1d3b-7d5d-4f0f-8f4b-d20a4a811d11
course/CNFPT/87010;73d926d7c4a54295b6d1a928e5f57b22;videos/6FmFVl5LXNZs/HD.mp4;90daf784-0c5f-46e7-8b77-9d703b398b9d
course/CNFPT/87010;693442d2e9e04de8997a8b9e96cd2693;videos/0ZRJvvWqYUK3/HD.mp4;eb1fc0c1-1a26-4271-a8a4-5e117e869462
course/CNFPT/87010;34e5502a4bc74c089bbb1670090959f6;videos/Jg7xjA78gfBd/HD.mp4;1ea55342-745c-47a9-b406-8c3d411a6739
course/CNFPT/87010;3d5ad5e5ec134fb6aa25a05570e18ff3;videos/Tc240vbmYru8/HD.mp4;bc47cc4e-f6a1-4cb7-8395-47c2acada783
course/CNFPT/87010;e8fac2e4d617424fb09753ad3c6a1ad1;videos/6ShpplCThV8D/HD.mp4;31c94b85-ef9a-4dcc-9d6c-f26161972717
course/CNFPT/87010;6b4bf73ec153497390e60b6a01eeadda;videos/sWuF8Hv2HKXP/HD.mp4;00b45976-0e65-448c-b360-e0141ad9ae18
course/CNFPT/87010;8ce9db7e4fe1467cb2cd3b173a8c834b;videos/kfZLpdGTetiI/HD.mp4;20d284eb-1141-4fb5-9eed-005f928263bd
course/CNFPT/87010;676ba09881374320be1b80109143375f;videos/kqVDRx9Lk8Vr/HD.mp4;f06f225c-2ffe-4d3b-8200-04b0a3aae399
course/CNFPT/87010;9b929febe5c8450fa7854a8452989f47;videos/D6b39Ugq3R9C/HD.mp4;02da1287-921d-4deb-8f74-4b4ac09181ae
course/CNFPT/87010;754324bb457b44a3b1ed0efb7f3f01cf;videos/PLAzMFsLl9u2/HD.mp4;3be6e6c9-056c-423c-bf95-e5b803c82e1e
course/CNFPT/87010;7ec369b9da0c46508abba137e0a1a53b;videos/e75obzQABLMx/HD.mp4;8aba9d25-5f5c-4ed3-94ca-77f30dd0ebb0
course/CNFPT/87010;3841775562e94f16bfd7f54ba1e20927;videos/1ypAiIzw4uYB/HD.mp4;c54f4223-8d24-4077-9e07-1cffcb580a7a
course/CNFPT/87010;87689b387c45440aaeee609ce399fbc0;videos/ABewyr8w4TsB/HD.mp4;2293f734-78cd-47a7-b3aa-02c647ceba3b
course/CNFPT/87010;770e3f4cdaf7441e82a9ead989fb4a99;videos/Ehm17gTGNWrQ/HD.mp4;ff848cd0-56f7-4537-a776-4d6b23006ee3
course/CNFPT/87010;18b709912cd043c9abea4b0daf4afec6;videos/vNxoLTk8BRaL/HD.mp4;5942141c-346b-49ed-b355-e7cdf7dc4df6
course/CNFPT/87010;b34fed2d8212404db949edd461627078;videos/1uJOm4IIiHPr/HD.mp4;284ecbd7-8b99-405b-98ba-33ad78605a2c
course/CNFPT/87010;9f791b616dfb4ba0a98b496cf549a012;videos/zWo22p06JwJz/HD.mp4;371f1200-484c-4c83-ad8b-16e09f836f09
course/CNFPT/87010;90d487aacac347b9b47b12d590d98aef;videos/e6kgXU8Smvtu/HD.mp4;92ce4332-1bbf-4dd8-94da-0af04ebe6d08
course/CNFPT/87010;77743c2df5ac4ac7a226e1c4a4891d1e;videos/EpukEXVey4kI/HD.mp4;7f794166-31c4-4043-9942-38f4afc00176
course/CNFPT/87010;d33cdf226ea245409c0310f3287f40a0;videos/x4QYTJfaygDV/HD.mp4;35e5cf4f-8cb5-48f2-8581-7e13790a0ad8
course/CNFPT/87010;6492b8c2c1554a37aabba2bf8e379425;videos/enqnOFVz4Lcq/HD.mp4;374f8adc-2824-4b3d-85f6-3ab70e8b6980
course/CNFPT/87010;f2b16d5862184a159f08a36f7a452247;videos/BfIRn8EL5cgf/HD.mp4;392784b7-6403-44d9-a9fc-28d244c11c0b
course/CNFPT/87010;4141db56c0dd4e1ab99f0fb7a7ac3557;videos/6M3Hqeig6Luv/HD.mp4;dd31bc4e-92f9-4442-a85c-fd49ed53676a
course/CNFPT/87010;2aed7ecd92284f4e8fa95f8691b95555;videos/aIEGja5tyoT5/HD.mp4;24673c5c-97ce-4c54-a60a-c243b222056c
course/CNFPT/87010;0c48a854df5e498ca2320533b32ee6fb;videos/TRSLasqBmu2k/HD.mp4;a2cd0224-4df9-423f-9bd5-02eb88940d95
course/CNFPT/87010;93898155043a46d39f8a8169cc217215;videos/o5LurMycmpen/HD.mp4;56467664-2057-4382-963d-5a0dfec2d8aa
course/CNFPT/87010;66e40429ea1243429d7e458f9c526921;videos/ByTeakFcgcqy/HD.mp4;36ac88e5-c8c3-4852-bbb1-b652ebb85e16
course/CNFPT/87010;9808cee57ec64054be0fbef637704b17;videos/a9Fji15zkzDq/HD.mp4;1dc6d124-8ba0-46c1-99bb-74495ccd670e
course/CNFPT/87010;57948845bc394623863e2c9ff920bf64;videos/Ky1xzI41IObo/HD.mp4;bf3fa6c4-e714-46aa-83c1-f1cba6c6986e
course/CNFPT/87010;cb98ef6edbfb4ffa8ee4a11cfd54ae5e;videos/4nX1XOxbeGa0/HD.mp4;0bbbc24c-057b-444d-b4a8-2b90a336fe80
course/ParisSaclay/71005;99783cb8b8d1444f8c7cffe6263f3fd2;videos/RvzX1twgxouE/HD.mp4;8275731f-a409-44d6-b77a-e906eddd936f
course/ParisSaclay/71005;3cab04737488434187c0fa86494b5190;videos/KO3CNzB5thGR/HD.mp4;35833468-722d-4cf0-b517-b83357dba68c
course/ParisSaclay/71005;9c0473ab968c4225a25a7a7690a87a0f;videos/nmGrWZ2yx7CW/HD.mp4;75959c82-a33a-470d-99e1-f9d3395cac06
course/ParisSaclay/71005;1503a3335afa45f78cf0c159a80ce59a;videos/sTQjVF7pjjHs/HD.mp4;eb9a503a-a65e-426f-82f2-e7eec632c5e0
course/ParisSaclay/71005;3b413160cbce4ba597c529e78b498ca9;videos/ArgQ7BlESsZv/HD.mp4;9d77fd15-43e5-4b84-81f9-9c04ad195699
course/ParisSaclay/71005;baa029986f514305b422606b82e637ab;videos/24ipSy1IGLR6/HD.mp4;f2be1705-c17a-4716-ba70-4ef3bbe51ca5
course/ParisSaclay/71005;f44746d40c80469dadaf1805afdb6902;videos/EIwrH5sX1KfB/HD.mp4;68c52dc2-cafe-4fc6-9917-ab3f346696a8
course/ParisSaclay/71005;1da25acb75f94522bd2597327fc802de;videos/LCIy5qCM97nb/HD.mp4;10660524-bf61-484f-bbcf-767e5280532c
course/ParisSaclay/71005;238aef66fd57490487591b3b65c6ea00;videos/ltp9qwZY0k6Q/HD.mp4;6841686c-18dc-49cb-b452-b66f0c34f049
course/ParisSaclay/71005;f36f299c3a4d463b818cb4c7e75056a5;videos/zXsrFFANjLNs/HD.mp4;0a2ad9de-55f5-48af-8b42-a5d8122a9a67
course/ParisSaclay/71005;8c21a327d420436f8016f008f02f6188;videos/1PaPxAsNCtZk/HD.mp4;f10a9f35-603f-4fae-a6e8-f6426b1cef08
course/ParisSaclay/71005;e19861dce3384fb6b69b85ffa4b24f56;videos/S5gHgbYahQpi/HD.mp4;8a99e535-b7bc-4ccb-ad0c-573608d128a9
course/ParisSaclay/71005;032eeb3f54a54dfdb98f4955d6a23be0;videos/Di8dC8QmBELH/HD.mp4;6ee80f52-d2da-4721-bdbc-a58a2797a511
course/ParisSaclay/71005;dab9d818b6574c29b336d4374717fff0;videos/O87iophVPrSo/HD.mp4;7ba4a95a-5575-412f-8d15-43249b293604
course/ParisSaclay/71005;271aff9050fd49a5b687ed4ff0c501dd;videos/q2T3k0pIrDVw/HD.mp4;8b89aee4-5c39-41da-883e-a33d2841639c
course/ParisSaclay/71005;8610059ac2b8485091a1346da84ee153;videos/IsqlpNZyRXIU/HD.mp4;65a2b540-7dcd-4fa1-ac40-0e1768c6fba8
course/ParisSaclay/71005;59bd55202b9c4138919c6ac9350baf2a;videos/cP42hUs86qsK/HD.mp4;e527da63-4f2b-4086-953e-b754c5bec16b
course/ParisSaclay/71005;679f95f203e94f98a24256699543702d;videos/tWDhYBAQi3Ry/HD.mp4;e3ccd4ea-066c-458e-81f0-6f1df26c2f11
course/ParisSaclay/71005;980009e2310c459697e40d7d4e0071fc;videos/5Tbi1YdBaZzP/HD.mp4;44112902-b014-4cd0-906e-43cbc599837c
course/ParisSaclay/71005;d2da2820b35549fc8c299378b583c7cf;videos/wRL1qFIEUJZK/HD.mp4;870850dd-eaf4-42db-b8e9-4140f2b57e05
course/ParisSaclay/71005;e2538d731157498482bb091a84e5734c;videos/R715GwhrtXa8/HD.mp4;a7bad8b7-ea62-44af-a966-d198829c8dc3
course/ParisSaclay/71005;771c0dfafbab4e839c4977dcc28d839e;videos/cM84QauB9uNf/HD.mp4;8f611bea-8788-4bf1-8aa4-3925daba37b7
course/ParisSaclay/71005;38b7cf94ae694392b26ea1cc6ff9f6f2;videos/ws5a8KEZCskH/HD.mp4;d234ef4b-2a6b-4205-b35f-78224329b39d
course/ParisSaclay/71005;ea3e2e26757a4be4a591d6d0450b0996;videos/5JRntnUe6MgC/HD.mp4;a43521ea-53c4-47b6-bfe1-fbeb5ad1c6c1
course/ParisSaclay/71005;bfa1c4df8b0f4e86ab238bfc803b680f;videos/woG1AqMFqGbZ/HD.mp4;71c33c74-e524-42e4-924e-42c53f5caa48
course/ParisSaclay/71005;8083069d30e745db9dba8ba1e9058781;videos/5futRu0smg70/HD.mp4;28981969-ae46-4f4d-ac7c-f6d9c4388472
course/ParisSaclay/71005;38ebc065d7024905be1c75aa8fdb8319;videos/NFSUQfwNnxEb/HD.mp4;f4b89d3f-3ac2-4773-b04d-6c0cf106bcdb
course/ParisSaclay/71005;0ebc4bfac3bf464b989c3be881f99289;videos/iCkujgWIMPMm/HD.mp4;fd2a0bf3-d025-42e7-bc45-30bb90916a2b
course/ParisSaclay/71005;01470e4d40cf4397bef6b8c4407c7279;videos/DV7L2zPMPRkZ/HD.mp4;f342ab11-3865-4e73-92d2-a65b26a6df4e
course/ParisSaclay/71005;381fc132e17d4b8ea3f3aae49728decd;videos/TW2pavju53Vd/HD.mp4;5b698b82-051f-4850-abfc-d639976131c0
course/ParisSaclay/71005;eeae610ae86e4610b859aa193cc0b080;videos/XCpZaRvI2z5l/HD.mp4;509694a0-01ef-4dac-a6a9-367a67b346f6
course/ParisSaclay/71005;239ece7c71b74ee5b7edfe664ee64b38;videos/XIYtIsNrLB85/HD.mp4;6c84919c-d3ec-4333-a9ab-f2581cfec3f6
course/ParisSaclay/71003;46f409bb782746208d40dfac9fc97b77;videos/QTUk0AM7OHRt/HD.mp4;cb56240a-7233-40a5-bdf9-e699a991519b
course/ParisSaclay/71003;b51664cda5f44cea908b048adfee87a8;videos/KY7vtYEzipKO/HD.mp4;bba2908a-c0b2-4fec-b2b5-915ab2b3b6b3
course/ParisSaclay/71003;a3444b48020d46a388ef85f33dfa17e4;videos/vWeFIgQvbJWi/HD.mp4;0a1a43b3-6a2c-47c5-9b73-2a32ca3f92bf
course/ParisSaclay/71003;b2a650a5ff3c4c94b7b434fd375f894a;videos/HNbyQzNPxpAY/HD.mp4;8fa4de03-4ee2-4c74-abbc-5b1d1c2418c5
course/ParisSaclay/71003;ff4118c351984ef9a3837c8dca950de6;videos/HNfucbpM5FTc/HD.mp4;22a50276-06a4-4c49-9944-c93b651a33d6
course/ParisSaclay/71003;a5efdb318c1c499cb3154e018ffb481e;videos/Sw59lbcsXtDT/HD.mp4;6eca7905-948b-419f-bbf5-4c6bfb451e19
course/ParisSaclay/71003;05d93bb581a948dcbb2aa916ef628dad;videos/jzd66CdhZLMu/HD.mp4;80424c25-ff56-46cc-bd09-1fcee25adc55
course/ParisSaclay/71003;8300b9521bbb44bdb4c597b10165235f;videos/67WwLlA1w1F7/HD.mp4;0cada869-4640-451e-8e05-3e09e120bdc9
course/ParisSaclay/71003;7675362afde14dd88e84225c7fab377f;videos/EIuwKWy9HCRX/HD.mp4;5e333f19-27a5-4b5d-b5be-40459e868688
course/ParisSaclay/71003;910c183895b74351b0dda080d65ca225;videos/4GAeBMeq9do4/HD.mp4;abfda9ce-f1f5-49b3-a84e-cdba0857e212
course/ParisSaclay/71003;e915e4a02010458f9c0c9566510b8f5a;videos/rhFyiSI3C9sG/HD.mp4;90cbe3ff-1a41-4703-95d3-cec9d4e3b2ac
course/ParisSaclay/71003;d6eba931fd43444b83f5f93ef0407787;videos/0UIokqZ6gKN5/HD.mp4;a7e91e62-d1e9-4026-acba-d67e3c52c6ea
course/ParisSaclay/71003;bd166096f1f14ab587b24678186b0edf;videos/rSsHberLOjhP/HD.mp4;9d8ff776-2838-4c78-b1ee-eddd5d4492f1
course/ParisSaclay/71003;7650cf9ec6b6446e983539bc6e9cc29c;videos/SVv2qceLf1rm/HD.mp4;4b9ac620-1757-46a6-8291-e4aad7416e1f
course/ParisSaclay/71003;d409f21c42154f2393794d8e74865097;videos/Yf98Pv3AGTdC/HD.mp4;7fd81214-8c12-4f1a-837c-3f3d23cad8f4
course/ParisSaclay/71003;6c2a4a737374442693ac8ac1ef14ec19;videos/tilmleZZwBcI/HD.mp4;c201bfe2-87e6-428d-b8fb-816e59cce9c4
course/ParisSaclay/71003;aff49ca8437047e280de121e8e859cdd;videos/XhB9L3s2SEs8/HD.mp4;d0e09ce9-6e4a-43c2-8a66-2d67c68e536b
course/ParisSaclay/71003;0d3e2ee1fa16440e819aa58356584bc6;videos/3EJElJfTvcp6/HD.mp4;37555ad0-5342-4b48-9dd8-78d5743e87da
course/ParisSaclay/71003;f99f9c16187c44a9bedd6067d25fc7c2;videos/UKYMGTMcni8V/HD.mp4;29606e1f-41cc-4686-a5f2-6458a2c7af17
course/ParisSaclay/71003;2d0fa0d41f83479bae88f3de462a5a72;videos/Cl9WeWFsQ40j/HD.mp4;ae508a09-0c2a-4d94-b62a-4443408b2b5d
course/ParisSaclay/71003;0378da0f73a44882a20bf64e78370c64;videos/cUuyUSmVgvaI/HD.mp4;c8cddc9c-db43-4c29-bbe5-9585d008be3e
course/ParisSaclay/71003;8423b16f7c1142cf9f6985aabbfa6077;videos/BxGzlmvxilJa/HD.mp4;e427abc8-ac9e-45c4-86c8-c7fb392d68cb
course/ParisSaclay/71003;bae6d423223e4b6a8ecfd12b50ba0ebb;videos/QrDMeOkKd2Pi/HD.mp4;ae7b3728-cbdd-4047-ac4c-7d6c181d2076
course/ParisSaclay/71003;dc8d1e5e32844d90acb4200c7687d855;videos/tKpGvkA8iFi1/HD.mp4;c609b056-11de-4e1e-868c-a28819d19183
course/ParisSaclay/71003;8ff37a43b26f4454a0b6b0e171dcd0a7;videos/kQuKL0lulPIR/HD.mp4;c4387bcc-0ca3-48fe-b03f-a3e0ef6857b8
course/ParisSaclay/71003;bcdc3bd14fb3455d8e1a10ee78d638aa;videos/qAVob2xfMRZ5/HD.mp4;88fe626b-3cd5-4a2b-adce-c5a2300af1ee
course/ParisSaclay/71003;081dcda9f4944bb399fa79522e60aeba;videos/I0ZD0aS3E0ZJ/HD.mp4;931124f7-39c9-4fb6-9e46-f5335bd18d0a
course/ParisSaclay/71003;210762bfa9034497af17fb6703b0ceda;videos/Fq31k5coDT20/HD.mp4;4962865f-acd1-4524-b2dc-de07616311ff
course/ParisSaclay/71003;8c32a3d01bbc44c48721762edb8a6366;videos/LviZJHqJd9Cu/HD.mp4;723cf88c-b0e4-46bf-86cf-f52101dc6a2e
course/ParisSaclay/71003;3a6ac61295ad4d44bdfedfbbddb67c11;videos/TMkMKrjLtTxv/HD.mp4;ff0ec41e-2489-44a9-b9c6-1a21ba21ec7a
course/ParisSaclay/71003;4b2eb17eab1c474ba523d74c7ec54b5e;videos/TaSbnoOrJFA9/HD.mp4;62d3ea9b-e1d6-4244-bb53-bfc0287ad2ba
course/ParisSaclay/71003;29ccbb948d4d4aa8a04033e7731fcdba;videos/lXyyucsbMNYg/HD.mp4;58353de1-f294-4c17-be04-6973d47e9079
course/ParisSaclay/71003;04d53e5b84c74ea28d90fbb66309978e;videos/MPtDV5MRb3ph/HD.mp4;d1376036-b6e9-438a-b9ca-0e752d89141c
course/ParisSaclay/71003;b0255391202c42f8aca4622ddc34103c;videos/ybvXgFr7EDIz/HD.mp4;293f7ab0-c018-4e64-8e27-5889dac1ee93
course/ParisSaclay/71003;55d6c40ae0fa4e9ea3602e37aa3c5c81;videos/Umu9EvkCD0py/HD.mp4;cc34a763-539b-44ce-83ac-b58b2ac6bad3
course/ParisSaclay/71003;69935c707857472eb574bb42558a00a4;videos/NDFkjQD6pLP3/HD.mp4;17ebb12a-6530-4d54-a93a-3ca7c3588667
course/ParisSaclay/71003;586070e99a00430197b5522dd5e3174e;videos/d1nfnFRbFQ9D/HD.mp4;962f2aa2-7be0-479d-ad39-82357454fd6f
course/ParisSaclay/71003;b368a4dd4a9242d5baf9c20ca30be047;videos/Jamrr2Ty2i09/HD.mp4;79adde29-59b0-4433-bd11-3ae246d79341
course/ParisSaclay/71003;83cea188f75744b7a8e9cd56ec3af14d;videos/sAtu2PLQ9R5L/HD.mp4;66009746-e560-47bd-8e74-38c614c788cb
course/ParisSaclay/71003;40ae15425a67449cbe54087cec1b580a;videos/yCGPTLkB2kI8/HD.mp4;1ec4613f-cfa5-49be-b06e-f3de47bc02f6
course/ParisSaclay/71003;e840a970da8d4e7da4b98cfcf96cab84;videos/FdPgeeHJPXX0/HD.mp4;3b1562cc-20e8-4fc6-8824-2f3f066f6d37
course/ParisSaclay/71003;f5325c310949437da8e5f2e2289d0518;videos/nsJyr93kqak9/HD.mp4;67404f2c-f543-435d-8966-e8e3b6990e8e
course/ParisSaclay/71003;12770a7003f74e7eb4b5e34bb2ccabe4;videos/QQSxEiKoRZ1M/HD.mp4;f022d8f1-a6fe-4dc9-9ff2-8481cc206494
course/ParisSaclay/71003;618b985f7063472f821efb76809c7fb7;videos/oRP8qV6mvPlv/HD.mp4;afe64f53-5ee4-46b0-a135-3d76094b0eca
course/ParisSaclay/71003;aade9040eb4f45719bb2eac97cb799c4;videos/NC4R6Xs9RlkQ/HD.mp4;43257594-6c8d-4207-bb7a-e71a0a52a18b
course/ParisSaclay/71003;ec8d20b0461f432cb7956e94b348a89e;videos/nyTxeclw4GEu/HD.mp4;3d7d4d80-12ff-4434-89c3-8f236eb86b66
course/ParisSaclay/71003;8d7da0c8a186479bbed42580cc4b96be;videos/ukiDmh00xACP/HD.mp4;0fbd3320-8819-4c3a-bade-19e491fd7516
course/ParisSaclay/71003;4a10c3f2430b4a0b8e44ee6bd336bed3;videos/PM3wpooFT2Fi/HD.mp4;670ecaca-132a-4c07-b667-e1bfb8387b5c
course/ParisSaclay/71003;20b5ffd0cf3d49e99ce1e1ec9d18c7c0;videos/Gh1bax1d9Rgm/HD.mp4;73bf3edb-6a51-4881-9341-e3f3052ca258
course/ParisSaclay/71003;82a730b9a340458b88a1477be0b4c9e2;videos/Vo5lquPSPuL8/HD.mp4;5455ce4f-268f-4c84-bb1d-ba75074bda0f
course/ParisSaclay/71003;80ce1e93475f4421842a4e85c8907c30;videos/9uM5tD5cgy11/HD.mp4;6790f7ff-6727-4b1f-b39a-b75175a35a4b
course/ParisSaclay/71003;3a3fac39afd845ab980d2d2276bd8ab1;videos/gnwQmBvlU9Oh/HD.mp4;00bdf823-852d-4c18-810b-51eefa5e222b
course/ParisSaclay/71003;8419b086142f4425a22a3ceea7e39567;videos/N0udwQSqn8yl/HD.mp4;6a514b59-ff30-426b-9502-271d4d41a874
course/ParisSaclay/71003;1c5ce9dbcca74cb7a19d3d5d6c991fa1;videos/hpiz5N2Pz5x7/HD.mp4;6c77b8df-f6ed-498a-a5b1-e6f60c1d6e8f
course/ParisSaclay/71003;4383e44493b24089ad7cdbbf5b48a23a;videos/QQPuzM5wDCWx/HD.mp4;259a1446-b1d9-4fe9-8731-ad0ffa6ff2af
course/ParisSaclay/71003;edc10b89171c440ea5afe1dfe8b3a989;videos/RzDy6ECktsmt/HD.mp4;93f23287-d1b4-4384-9516-e82c8a65fc05
course/ParisSaclay/71003;98d9b625d0384f6ba99814f87ca5b46a;videos/YPlsGRquUo6K/HD.mp4;92e56730-bbd7-4750-9a72-d197ae8a9e4f
course/ParisSaclay/71003;ac900d4567f44ec2b2cc0085773092c2;videos/ACJBlQf9MsIR/HD.mp4;39507015-199c-4d5c-9397-8029a51cf1c0
course/ParisSaclay/71003;dedb0e432a4f45b0a1b6471739414f53;videos/tCoIMAIVzPHq/HD.mp4;498e23d1-069b-4d1c-a27c-6ba1d9c23987
course/instn/147003;46f409bb782746208d40dfac9fc97b77;videos/8nEeyzQdrunj/HD.mp4;401dbb1a-6079-40d4-8b29-d37274ebb573
course/instn/147003;b51664cda5f44cea908b048adfee87a8;videos/t05tlR26Wkja/HD.mp4;792eb6b7-a94f-452f-a1e5-1301d742856e
course/instn/147003;a3444b48020d46a388ef85f33dfa17e4;videos/e5o2bq3IUohR/HD.mp4;dea3f854-530a-4e58-9394-ada935d31116
course/instn/147003;b2a650a5ff3c4c94b7b434fd375f894a;videos/ik7VJBF8I6iZ/HD.mp4;a04bc017-5709-488d-8697-85b39f9e0fc4
course/instn/147003;ff4118c351984ef9a3837c8dca950de6;videos/RFq1qIBg55IO/HD.mp4;c9a3f86d-ee10-4f9e-962e-2be5b9160184
course/instn/147003;a5efdb318c1c499cb3154e018ffb481e;videos/sCuYdbHvc4sM/HD.mp4;7bf319c0-cd66-4c84-98e1-118dc455becf
course/instn/147003;05d93bb581a948dcbb2aa916ef628dad;videos/R4ZAIusqVN2s/HD.mp4;96df3015-2052-4d15-a284-f37846a27321
course/instn/147003;8300b9521bbb44bdb4c597b10165235f;videos/DV1VB1ImBk4w/HD.mp4;d488af7b-9dbc-4b4c-9122-c8e81c156515
course/instn/147003;7675362afde14dd88e84225c7fab377f;videos/8oUGfcQA3Lkq/HD.mp4;8767b9b4-2126-4140-b98a-066acf1f3120
course/instn/147003;910c183895b74351b0dda080d65ca225;videos/cuRqgSEWXWbB/HD.mp4;29270b1e-c099-43ce-9f94-e71dc45a3635
course/instn/147003;e915e4a02010458f9c0c9566510b8f5a;videos/d49uXtrMe2zg/HD.mp4;28f6aed1-9d76-4c6b-873f-05a59779fa46
course/instn/147003;d6eba931fd43444b83f5f93ef0407787;videos/nEev7lY3xkyS/HD.mp4;a55c6b39-bf13-4427-89b0-a4b7209f78c7
course/instn/147003;bd166096f1f14ab587b24678186b0edf;videos/11DDwhc0mrnQ/HD.mp4;2319a04c-3f50-47d6-a0e0-e8b0310754e0
course/instn/147003;7650cf9ec6b6446e983539bc6e9cc29c;videos/fRYOIileDpId/HD.mp4;2be2868e-f47b-44d8-a78f-6f58999e880d
course/instn/147003;d409f21c42154f2393794d8e74865097;videos/4NZbXaYMEnJ3/HD.mp4;b7ac6179-b7d8-4417-9fad-74dda94b27eb
course/instn/147003;6c2a4a737374442693ac8ac1ef14ec19;videos/P2YypbStojeD/HD.mp4;461c9284-cf35-467a-8cc9-9c1500bd58b4
course/instn/147003;aff49ca8437047e280de121e8e859cdd;videos/HWq36PE4nRqH/HD.mp4;f987a924-18d0-4952-82a4-e5fad1348d76
course/instn/147003;0d3e2ee1fa16440e819aa58356584bc6;videos/ArjuVzFMgJxx/HD.mp4;2bd0fc56-73d2-4c6b-aee3-e24cc6dcf287
course/instn/147003;f99f9c16187c44a9bedd6067d25fc7c2;videos/D9EAHhhscboq/HD.mp4;e3816450-57bc-4f69-b6bb-16afa6243da6
course/instn/147003;2d0fa0d41f83479bae88f3de462a5a72;videos/qIHCSFU7WEJc/HD.mp4;8a57c0d3-3bcb-4bd8-b597-0f35b4960299
course/instn/147003;0378da0f73a44882a20bf64e78370c64;videos/X29m66KSA9ey/HD.mp4;89277a19-f83e-41e4-b3f0-f35291aa4b8f
course/instn/147003;8423b16f7c1142cf9f6985aabbfa6077;videos/LyHj8m45uOFa/HD.mp4;b568658e-3bea-45df-ac49-e087a3271e21
course/instn/147003;bae6d423223e4b6a8ecfd12b50ba0ebb;videos/ErlEgpUHKkA9/HD.mp4;dd05bcfe-ee45-4d61-a1a0-17b8e86e6538
course/instn/147003;dc8d1e5e32844d90acb4200c7687d855;videos/Mk9C6Lnahnfn/HD.mp4;4a5b73f2-7c14-4d3e-b4b9-6ee81f28e7e6
course/instn/147003;8ff37a43b26f4454a0b6b0e171dcd0a7;videos/bthcqgGN9fRe/HD.mp4;9191a01e-df08-41e3-9986-a017fc2ba11d
course/instn/147003;bcdc3bd14fb3455d8e1a10ee78d638aa;videos/pMNlTY2DUoF5/HD.mp4;598db88a-e18a-48f7-afa4-3f26a9aa62c7
course/instn/147003;081dcda9f4944bb399fa79522e60aeba;videos/aoxQ6xdg2H0B/HD.mp4;f8e88d51-51ac-4bfe-9958-272b1a7e41f0
course/instn/147003;210762bfa9034497af17fb6703b0ceda;videos/oHdVJxrfh7Cu/HD.mp4;9bb28f4c-3236-4ee0-9989-f97530eb1bc9
course/instn/147003;8c32a3d01bbc44c48721762edb8a6366;videos/jBNOb73xRiTh/HD.mp4;acd98abe-03c1-4ea8-943e-75851d512459
course/instn/147003;3a6ac61295ad4d44bdfedfbbddb67c11;videos/ahj058z4Xelq/HD.mp4;0f3e4313-5c4e-4c54-afdc-448843a89d99
course/instn/147003;4b2eb17eab1c474ba523d74c7ec54b5e;videos/AI5QPoECIozR/HD.mp4;ca0b02d2-c505-4761-9e89-7fbe9a68788f
course/instn/147003;29ccbb948d4d4aa8a04033e7731fcdba;videos/WWT5z9KTMPew/HD.mp4;36133a20-a023-4f74-88c6-ff968ce4ee95
course/instn/147003;04d53e5b84c74ea28d90fbb66309978e;videos/YPIE4Ox5WQxw/HD.mp4;fbc458da-a813-4e9e-b6d4-2bfcacce3ff4
course/instn/147003;b0255391202c42f8aca4622ddc34103c;videos/6vKWuMnK13H7/HD.mp4;9fee7c18-9bd9-4661-a197-9b9b3c6c9452
course/instn/147003;55d6c40ae0fa4e9ea3602e37aa3c5c81;videos/EYxL2velb0gU/HD.mp4;c5646320-79bc-4650-9147-ab87a1d1753d
course/instn/147003;69935c707857472eb574bb42558a00a4;videos/NDFkjQD6pLP3/HD.mp4;ef3f6791-5cf3-4be3-a7fe-d7ea399391ba
course/instn/147003;586070e99a00430197b5522dd5e3174e;videos/d1nfnFRbFQ9D/HD.mp4;d97ae132-ec4d-4612-ab1a-b1f4730a221e
course/instn/147003;b368a4dd4a9242d5baf9c20ca30be047;videos/Jamrr2Ty2i09/HD.mp4;d0929646-0297-4950-9ddd-d400e384dcb5
course/instn/147003;83cea188f75744b7a8e9cd56ec3af14d;videos/sAtu2PLQ9R5L/HD.mp4;95c229ca-77d6-4ccd-8911-8eaf06dedf68
course/instn/147003;40ae15425a67449cbe54087cec1b580a;videos/yCGPTLkB2kI8/HD.mp4;8edfc3c6-0304-4865-8df4-1644c54c2102
course/instn/147003;e840a970da8d4e7da4b98cfcf96cab84;videos/FdPgeeHJPXX0/HD.mp4;a16ec271-e235-4410-914c-33f3059eb988
course/instn/147003;f5325c310949437da8e5f2e2289d0518;videos/nsJyr93kqak9/HD.mp4;e98357e5-ea8a-4e45-a903-63ccb0761efe
course/instn/147003;12770a7003f74e7eb4b5e34bb2ccabe4;videos/QQSxEiKoRZ1M/HD.mp4;fbac04ed-7dab-4d31-8f13-a528c94c2af6
course/instn/147003;618b985f7063472f821efb76809c7fb7;videos/oRP8qV6mvPlv/HD.mp4;d021fc99-c5f7-45b1-8c6e-e2f76c6d8994
course/instn/147003;aade9040eb4f45719bb2eac97cb799c4;videos/NC4R6Xs9RlkQ/HD.mp4;8d1bb4f0-e258-499c-aa5e-b10d6ff59e3b
course/instn/147003;ec8d20b0461f432cb7956e94b348a89e;videos/nyTxeclw4GEu/HD.mp4;e78a0c98-1d97-4e8b-b9c7-1c87f3c5c65b
course/instn/147003;8d7da0c8a186479bbed42580cc4b96be;videos/ukiDmh00xACP/HD.mp4;f913b195-0050-46c9-893e-b9731153555b
course/instn/147003;4a10c3f2430b4a0b8e44ee6bd336bed3;videos/PM3wpooFT2Fi/HD.mp4;26c441c0-6234-4398-b45f-15e205ac707e
course/instn/147003;20b5ffd0cf3d49e99ce1e1ec9d18c7c0;videos/Gh1bax1d9Rgm/HD.mp4;2a52cc93-0deb-4a8c-aca4-e7f54ab80d1e
course/instn/147003;82a730b9a340458b88a1477be0b4c9e2;videos/Vo5lquPSPuL8/HD.mp4;8258893f-6d29-4cc6-bb09-f51458e8a254
course/instn/147003;80ce1e93475f4421842a4e85c8907c30;videos/9uM5tD5cgy11/HD.mp4;6000c131-576b-4da3-8aa8-cc8cc47af1b3
course/instn/147003;3a3fac39afd845ab980d2d2276bd8ab1;videos/gnwQmBvlU9Oh/HD.mp4;5e2ae9ae-8980-4e48-9cc4-5cd5825aec01
course/instn/147003;8419b086142f4425a22a3ceea7e39567;videos/N0udwQSqn8yl/HD.mp4;8d6e2a03-5886-4e65-9f9d-160da1f77e27
course/instn/147003;1c5ce9dbcca74cb7a19d3d5d6c991fa1;videos/hpiz5N2Pz5x7/HD.mp4;8eda6693-a331-4c5e-8a23-36a6fae47207
course/instn/147003;4383e44493b24089ad7cdbbf5b48a23a;videos/QQPuzM5wDCWx/HD.mp4;6f641811-50aa-41c3-9e86-441d8c376d10
course/instn/147003;edc10b89171c440ea5afe1dfe8b3a989;videos/RzDy6ECktsmt/HD.mp4;89d6c697-4c6c-4984-8e2f-68e576930359
course/instn/147003;98d9b625d0384f6ba99814f87ca5b46a;videos/a0epHqHOBd4N/HD.mp4;bc2bcb29-1d7f-4a4d-90ed-bca650e28eb4
course/instn/147003;ac900d4567f44ec2b2cc0085773092c2;videos/hGTB8AY488Oi/HD.mp4;dcb0566d-8192-401c-a973-c6e2ff69e303
course/instn/147003;dedb0e432a4f45b0a1b6471739414f53;videos/mMXOmpXth2Zq/HD.mp4;ff20fa61-0e1e-41ab-b1ef-8f7a22325552
course/instn/147001;59b82f77175a4ba2ba80fb6fd63f6e4c;videos/fnXRO92djCyT/HD.mp4;9d4370af-360e-4890-a616-89a0dd2c0d7c
course/instn/147001;9a707c7670fa4da692772f1ef2dea606;videos/y1Y5hbyBaJEn/HD.mp4;e4b99efb-65b4-4235-bf49-f44eb94412f9
course/instn/147001;8fd6619d98c04eddaa2902ac3c12eee7;videos/eVxxZqTTTr6t/HD.mp4;c38790d6-1161-4cc9-8bff-7f9c816ecd5c
course/instn/147001;7f1af3232fac4a6daf24277ad13552d6;videos/NmDGnYThKwFj/HD.mp4;c217c231-d82e-4b0c-a7bf-7321a575e952
course/instn/147001;da1c76106a154ada92c83833fae3678e;videos/o3JNNMftDvlA/HD.mp4;63ee2d82-5501-4213-accd-b561ea8a9fa7
course/instn/147001;0c044dc01a284f81ae6b21971fb06fc9;videos/RKGcHq48125q/HD.mp4;7c4cb71b-3f5b-4d14-9fb8-1153e56c4bbd
course/instn/147001;b4f7ceddde08494d9465d33381d5e6e0;videos/0QqNmUGnVO0e/HD.mp4;a9d41d92-f41e-4556-89cb-c06f4068d80c
course/instn/147001;361eb0b679634d7da8c34f4a10343d3f;videos/WqZ8XRoaYmr2/HD.mp4;3c871a98-6aba-4834-bd06-958209e5d934
course/instn/147002;dc8aa7052af842c4a39edf394c62fabe;videos/aMOz0kSncIhH/HD.mp4;657f3c27-a1a2-4cd1-9f0d-f7459db9a93f
course/instn/147002;bfaf37e71ea34c269da3f6a00c6d2854;videos/uP0lNyuRVFAb/HD.mp4;ac2344bb-e123-46e1-a13e-bf739f42f2a1
course/instn/147002;ff16189e057c4039bdb94b7a5542b33e;videos/72Y8MUUHM5HT/HD.mp4;e9e172a1-1020-4d67-aa37-24d44f8fbe95
course/instn/147002;8e38397593294fb58b19539becd92bb0;videos/iWnRvuK8MZIR/HD.mp4;ae6148fa-44e9-41c0-bf6c-5cecf8a0c195
course/instn/147002;e732199b568948bb80bf154c9d3e8750;videos/UhTChmLg2e7n/HD.mp4;3b009564-f383-49e3-9297-ae0b4792f824
course/instn/147002;f5a58b9fb21a4b6899c277881b701f6f;videos/TXayDxs0kv77/HD.mp4;ac621a32-592c-46af-8426-d98a4aa0645a
course/instn/147002;7baf03455d6e4f6ca418668b52f981ce;videos/KfdTi5Kvjy8g/HD.mp4;5a2ede30-e7b7-4267-bbb3-efd5cbe1ac36
course/instn/147002;e1f22bdefa9e48b586d5ee6c3f493dad;videos/sxsUvL56O14b/HD.mp4;02f12d98-7b1c-44c7-b948-8f89032f3a46
course/instn/147002;78f531b1d6d247b0a99ab3ad4aa5203a;videos/L49BzFBV1Y3Q/HD.mp4;76c2a90b-e291-461f-b68b-42a7191747e7
course/instn/147002;6e48518ec4b04eb89e8749fbeb324a0b;videos/sJCmCgCdnSb9/HD.mp4;0422eb0a-30fd-4507-9a27-8adcadf95bd1
course/instn/147002;ea3ea37b6d4c4191a1da0e7d0549938e;videos/E8fsqCeegCsX/HD.mp4;f828e229-35c3-42c3-b061-4c29a1b255db
course/instn/147002;905c9658a6384d8a9b82613ef1c531b6;videos/Nv7PxkfAi5NN/HD.mp4;61e8130f-5de3-453b-a099-c6b48f412ff4
course/instn/147002;bd13cc36a5ee433badc3512338f8e530;videos/yfA9ruofci81/HD.mp4;b8ec8ecc-b9ed-4cc2-b15a-82e80c9ecb84
course/instn/147002;e7eab9da83634d32a36d8e4921e5f833;videos/vHUlbXnfQXDf/HD.mp4;db780deb-8f82-4339-921b-a6cadab91bee
course/instn/147002;45a923ca4e2b43d1adcff44ae544b853;videos/02ZvJ6UCyfhX/HD.mp4;6e55f881-0e9b-4be9-801b-978a3252ac27
course/CNAM/01007;5ce5d34390634859b246ff75d2c7ba24;videos/rM3v2C9MsG9u/HD.mp4;879e941c-0b5d-460b-b0ce-e108039598bf
course/CNAM/01007;4a4944ca2b7549d5b9b30b1e52df80aa;videos/AsFJALzxysgm/HD.mp4;951ef2e1-d832-45ba-aa2f-19e616325dab
course/CNAM/01007;2ef0a941f97d4639a8c50f0f445de1c7;videos/HjHFnVaix0NR/HD.mp4;203bfb40-1170-4f81-994f-32714dde0569
course/CNAM/01007;43d9caf9165a4bdc9dd4386a2501a201;videos/qoE6aOHx0rvg/HD.mp4;1a59837e-e787-42d0-a070-22237ff3867b
course/CNAM/01007;a074bc8f3f4c4ac6a1e2a2201a892268;videos/HJnHmQgQcrnQ/HD.mp4;28cc49b9-fbf6-40a7-a98b-6368fda38949
course/CNAM/01007;3e98c0241f0a46ce8535759849499257;videos/WmQipJnBCpsu/HD.mp4;be64645a-a4fc-4016-a9b1-27e21da60964
course/CNAM/01007;dfc40c83cc5748bab50688e2648620b4;videos/hPtSben9ohrx/HD.mp4;35b754bd-6ca7-4ed5-a46f-b7a0d7a52f4a
course/CNAM/01007;c87057bb09d547c98b9246d37c7df059;videos/4VmSJShB2VV8/HD.mp4;d774c9bf-2152-45f3-8882-0a0afbd36511
course/CNAM/01007;9d76e893a3364ebb9d3e00e1a408de91;videos/PooYJ3UxOPxe/HD.mp4;6e0030a6-2236-49b7-8805-d6a3461120df
course/CNAM/01007;d2ef66efd0d24a5da0590b247561c63e;videos/DlfmAYCnOEZN/HD.mp4;730a275d-d15d-42f0-9a1b-287abd77be9f
course/CNAM/01007;1d121d5bb8634049b0ccb9baf1767564;videos/95NOETgerRwV/HD.mp4;759743bb-7740-4019-8582-67e856a9f063
course/CNAM/01007;5f396beebd564bd9a0f5a7c8b0bb7c1e;videos/y8a3socGoqTw/HD.mp4;cd87167b-f30c-4ac6-8022-aaf2fb259c91
course/CNAM/01007;22f75c0cc5e84b53b9486b689d039f12;videos/W2yNorR8dJCu/HD.mp4;b91a6490-4d3d-41b4-9fea-74f81e599a86
course/CNAM/01007;ae450d4131224bc090cf4b6caff6c985;videos/qJqwSAbHRT6J/HD.mp4;e33bdf3c-15cc-40ab-85a4-c703cca74af8
course/CNAM/01007;806443069bc646c68d46031136b3accd;videos/4Ie9smH4OovC/HD.mp4;823f9f3e-9fa3-464d-87a7-468c633afbda
course/CNAM/01007;2603b2e6d5a6498dbdd9d4cf6a4f1788;videos/SGsfip2UkmWu/HD.mp4;ad7da5e4-454b-4779-8360-60ac75c9c9d6
course/CNAM/01007;3ec50ab1d01b454da40e73c1079b6c6d;videos/lmW3FVhRCTY2/HD.mp4;68255f4f-3929-4733-a496-3b2c631856fa
course/CNAM/01007;9f670cafaf1b4f15968f8c28495d62f9;videos/yt5NoBBsB6CA/HD.mp4;ec36b941-e4ac-4e1a-bcaf-5de82ccb027c
course/CNAM/01007;4323009ad9fc44738868af6cb7be23c6;videos/Zym4VmMTdHMB/HD.mp4;96d4668f-f780-4bf6-a81d-e5a79368a767
course/CNAM/01007;183c8ef12a744025881e89e573156be6;videos/ghRXdRcqd8Qc/HD.mp4;e8bdb93a-da9e-4eec-90e6-69faa1a9e2da
course/CNAM/01007;5f82e13b4a5e4b34a5f031344d3e0e8b;videos/5o5LCmBRPzMD/HD.mp4;d9c87acf-314c-4e96-b22d-a15f146c01f2
course/CNAM/01007;c6bd4a62d29f4d65b44dfe360d9ab0d8;videos/YAFur3Lst5SY/HD.mp4;7f0cfcf0-3133-4f6e-a314-aab17be342fc
course/CNAM/01007;07f1c8d0d5054f4e8f4035ba60cec15e;videos/26MREoQOMW1F/HD.mp4;3c854354-b8f6-4719-8ca2-a5ddbd05fc6b
course/CNAM/01007;3fe7f7b793844ec2a4823c0178d2170f;videos/oAQfw0jdjno0/HD.mp4;cc763460-17fa-459e-a0d9-d0e3301f33fc
course/CNAM/01007;638ab80251e74b9289e73866a742d773;videos/qOSXhuKQDUyh/HD.mp4;c9728842-46c6-47d3-9929-5ee00c58750d
course/CNAM/01007;f44f009478754e8aa786a1955011e5b9;videos/6px3yQtQnAQA/HD.mp4;19dc0996-03ef-4882-9250-2dace6a14e4b
course/CNAM/01007;9b9042cb7d9546908e40ea9ff0862f46;videos/R9ZIvxriJu08/HD.mp4;e0504f02-536f-4ec5-9760-cd3476e878d1
course/CNAM/01007;4bad51465ae04ec68b11dc32d232bbeb;videos/brs7K29sfprQ/HD.mp4;e32db27b-b0d6-4b00-a26f-423dae898e4b
course/CNAM/01007;f27368b61a8e4ab1b735fc4f6ec630ee;videos/2Q1BPvrGKVGi/HD.mp4;fbeed2ef-e412-41d0-9e6f-c55f6030f58c
course/CNAM/01007;4e9a2971318541ee85a09804b17d361a;videos/WVZjX3h2UJpr/HD.mp4;c0222577-2b6c-4fce-b014-28a74a625928
course/CNAM/01007;75026c10813a4b1facad3b887fd89d91;videos/0voJFqqokipu/HD.mp4;edc4caee-19d6-4f22-b448-383f495e9eed
